/*
SQLyog Ultimate v10.00 Beta1
MySQL - 5.5.5-10.4.27-MariaDB-log : Database - masigo
*********************************************************************
*/

/*!40101 SET NAMES utf8 */;

/*!40101 SET SQL_MODE=''*/;

/*!40014 SET @OLD_UNIQUE_CHECKS=@@UNIQUE_CHECKS, UNIQUE_CHECKS=0 */;
/*!40014 SET @OLD_FOREIGN_KEY_CHECKS=@@FOREIGN_KEY_CHECKS, FOREIGN_KEY_CHECKS=0 */;
/*!40101 SET @OLD_SQL_MODE=@@SQL_MODE, SQL_MODE='NO_AUTO_VALUE_ON_ZERO' */;
/*!40111 SET @OLD_SQL_NOTES=@@SQL_NOTES, SQL_NOTES=0 */;
CREATE DATABASE /*!32312 IF NOT EXISTS*/`masigo` /*!40100 DEFAULT CHARACTER SET utf8mb4 COLLATE utf8mb4_general_ci */;

USE `masigo`;

/*Table structure for table `channel` */

DROP TABLE IF EXISTS `channel`;

CREATE TABLE `channel` (
  `channel_id` int(11) NOT NULL AUTO_INCREMENT,
  `name` varchar(255) NOT NULL,
  `create_date` timestamp NOT NULL DEFAULT current_timestamp(),
  `update_date` timestamp NOT NULL DEFAULT current_timestamp() ON UPDATE current_timestamp(),
  PRIMARY KEY (`channel_id`)
) ENGINE=InnoDB AUTO_INCREMENT=21 DEFAULT CHARSET=utf8mb4 COLLATE=utf8mb4_general_ci;

/*Data for the table `channel` */

insert  into `channel`(`channel_id`,`name`,`create_date`,`update_date`) values (1,'전체글보기','2023-12-13 11:09:20','2023-12-13 11:09:20'),(2,'공지사항','2023-12-13 11:09:20','2023-12-13 11:09:20'),(3,'자유게시판','2023-12-13 11:09:20','2023-12-13 11:09:20'),(4,'7세대 머스탱','2023-12-13 11:09:20','2023-12-13 11:09:20'),(5,'머스탱 5.0','2023-12-13 11:09:20','2023-12-13 11:09:20'),(6,'머스탱 2.3 에코부스터','2023-12-13 11:09:20','2023-12-13 11:09:20'),(7,'머스탱은 OOO 이다','2023-12-13 11:09:20','2023-12-13 11:09:20'),(8,'머스탱 시승기 공유','2023-12-13 11:09:20','2023-12-13 11:09:20'),(9,'머스탱 연비 공유','2023-12-13 11:09:20','2023-12-13 11:09:20'),(10,'머스탱 부품 공유','2023-12-13 11:09:20','2023-12-13 11:09:20'),(11,'맛집/여행/드라이브','2023-12-13 11:09:20','2023-12-13 11:09:20'),(12,'리스/승계','2023-12-13 11:09:20','2023-12-13 11:09:20'),(13,'사건사고','2023-12-13 11:09:20','2023-12-13 11:09:20'),(14,'QNA','2023-12-13 11:09:20','2023-12-13 11:09:20'),(15,'지역','2023-12-13 11:09:20','2023-12-13 11:09:20'),(16,'서울','2023-12-13 11:09:20','2023-12-13 11:09:20'),(17,'대전','2023-12-13 11:09:20','2023-12-13 11:09:20'),(18,'대구','2023-12-13 11:09:20','2023-12-13 11:09:20'),(19,'부산','2023-12-13 11:09:20','2023-12-13 11:09:20'),(20,'제주','2023-12-13 11:09:20','2023-12-13 11:09:20');

/*Table structure for table `ci_sessions` */

DROP TABLE IF EXISTS `ci_sessions`;

CREATE TABLE `ci_sessions` (
  `id` varchar(128) NOT NULL,
  `ip_address` varchar(45) NOT NULL,
  `timestamp` int(10) unsigned NOT NULL DEFAULT 0,
  `data` blob NOT NULL,
  PRIMARY KEY (`id`),
  KEY `ci_sessions_timestamp` (`timestamp`)
) ENGINE=InnoDB DEFAULT CHARSET=utf8mb4 COLLATE=utf8mb4_general_ci;

/*Data for the table `ci_sessions` */

insert  into `ci_sessions`(`id`,`ip_address`,`timestamp`,`data`) values ('0c3m5ctslcqnnso4bcjc115lmpvop4tm','::1',1702602140,'__ci_last_regenerate|i:1702602140;user_id|s:7:\"hnw1451\";username|s:12:\"김또깡스\";email|s:16:\"yes3144@nate.com\";profile_image|s:27:\"20200908172928.12069821.jpg\";is_logged_in|b:1;'),('0phbp8htlmeckitpv91f29rvfrunhaaj','::1',1702616942,'__ci_last_regenerate|i:1702616942;username|s:12:\"김또깡스\";email|s:16:\"yes3144@nate.com\";user_id|s:7:\"hnw1451\";profile_image|s:27:\"20200908172928.12069821.jpg\";is_logged_in|b:1;'),('0r8leo2jon44b26cra3fgru76kdo3vtq','::1',1702599252,'__ci_last_regenerate|i:1702599252;user_id|s:7:\"hnw1451\";username|s:12:\"김또깡스\";email|s:16:\"yes3144@nate.com\";profile_image|s:27:\"20200908172928.12069821.jpg\";is_logged_in|b:1;'),('1e0fqo72s01c3i7fr9spv4986vhu52t4','::1',1702630133,'__ci_last_regenerate|i:1702630133;username|s:12:\"김또깡스\";email|s:16:\"yes3144@nate.com\";user_id|s:7:\"hnw1451\";profile_image|s:9:\"okems.png\";is_logged_in|b:1;'),('1ihqvik0i95845anm980b3pp3jcj6iir','::1',1702539565,'__ci_last_regenerate|i:1702539565;username|s:9:\"관리자\";email|s:15:\"admin@admin.com\";last_view|a:18:{i:337;i:1702533967;i:341;i:1702518572;i:338;i:1702518607;i:49;i:1702519152;i:332;i:1702533981;i:47;i:1702519161;i:314;i:1702519383;i:105;i:1702521334;i:70;i:1702521803;i:340;i:1702521837;i:112;i:1702527756;i:52;i:1702524185;i:101;i:1702527550;i:244;i:1702533489;i:334;i:1702533978;i:342;i:1702534312;i:33;i:1702538493;i:346;i:1702538601;}user_id|s:5:\"admin\";profile_image|s:7:\"sis.jpg\";is_logged_in|b:1;'),('1olldg5e803qr0c5p967vsh359h0kqr4','::1',1702532476,'__ci_last_regenerate|i:1702532476;username|s:9:\"김수로\";email|s:14:\"suro@naver.com\";last_view|a:13:{i:337;i:1702517967;i:341;i:1702518572;i:338;i:1702518607;i:49;i:1702519152;i:332;i:1702519157;i:47;i:1702519161;i:314;i:1702519383;i:105;i:1702521334;i:70;i:1702521803;i:340;i:1702521837;i:112;i:1702527756;i:52;i:1702524185;i:101;i:1702527550;}user_id|s:4:\"suro\";profile_image|s:10:\"actor1.jpg\";is_logged_in|b:1;'),('25e8fktf6332hpcf3d5oa4lkuipgolj5','::1',1702631475,'__ci_last_regenerate|i:1702631475;username|s:12:\"김또깡스\";email|s:16:\"yes3144@nate.com\";user_id|s:7:\"hnw1451\";profile_image|s:9:\"okems.png\";is_logged_in|b:1;'),('28hnadg5i4t6e22rs0okred1q984r56n','::1',1702619802,'__ci_last_regenerate|i:1702619802;username|s:12:\"김또깡스\";email|s:16:\"yes3144@nate.com\";user_id|s:7:\"hnw1451\";profile_image|s:9:\"okems.png\";is_logged_in|b:1;'),('2eb0i2lesbp3bb7k9lbifg4klgpqq0g6','::1',1702537066,'__ci_last_regenerate|i:1702537066;username|s:12:\"김또깡스\";email|s:16:\"yes3144@nate.com\";last_view|a:16:{i:337;i:1702533967;i:341;i:1702518572;i:338;i:1702518607;i:49;i:1702519152;i:332;i:1702533981;i:47;i:1702519161;i:314;i:1702519383;i:105;i:1702521334;i:70;i:1702521803;i:340;i:1702521837;i:112;i:1702527756;i:52;i:1702524185;i:101;i:1702527550;i:244;i:1702533489;i:334;i:1702533978;i:342;i:1702534312;}user_id|s:7:\"hnw1451\";profile_image|s:27:\"20200908172928.12069821.jpg\";is_logged_in|b:1;'),('2ra4gngh80184qfe0l0qk5nqqknhtsed','::1',1702630479,'__ci_last_regenerate|i:1702630479;username|s:12:\"김또깡스\";email|s:16:\"yes3144@nate.com\";user_id|s:7:\"hnw1451\";profile_image|s:9:\"okems.png\";is_logged_in|b:1;'),('3ah3hna6hk88n7llapefo38lpd86n7i2','::1',1702613498,'__ci_last_regenerate|i:1702613498;username|s:12:\"김또깡스\";email|s:16:\"yes3144@nate.com\";user_id|s:7:\"hnw1451\";profile_image|s:27:\"20200908172928.12069821.jpg\";is_logged_in|b:1;'),('3nrdruu8ejkcin9p3t8576nels79fhtf','::1',1702616623,'__ci_last_regenerate|i:1702616623;username|s:12:\"김또깡스\";email|s:16:\"yes3144@nate.com\";user_id|s:7:\"hnw1451\";profile_image|s:27:\"20200908172928.12069821.jpg\";is_logged_in|b:1;'),('3rmio5ar5t1j4u5pcjgud0qd24n6ate8','::1',1702606008,'__ci_last_regenerate|i:1702606008;username|s:12:\"김또깡스\";email|s:16:\"yes3144@nate.com\";user_id|s:7:\"hnw1451\";profile_image|s:27:\"20200908172928.12069821.jpg\";is_logged_in|b:1;'),('465lo463pv0r71ohvo7n7lcaikhr3pbi','::1',1702614220,'__ci_last_regenerate|i:1702614220;username|s:12:\"김또깡스\";email|s:16:\"yes3144@nate.com\";user_id|s:7:\"hnw1451\";profile_image|s:27:\"20200908172928.12069821.jpg\";is_logged_in|b:1;'),('46f6gvvln6h5revnnocu1a9v24udhc4q','::1',1702539171,'__ci_last_regenerate|i:1702539171;username|s:9:\"관리자\";email|s:15:\"admin@admin.com\";last_view|a:18:{i:337;i:1702533967;i:341;i:1702518572;i:338;i:1702518607;i:49;i:1702519152;i:332;i:1702533981;i:47;i:1702519161;i:314;i:1702519383;i:105;i:1702521334;i:70;i:1702521803;i:340;i:1702521837;i:112;i:1702527756;i:52;i:1702524185;i:101;i:1702527550;i:244;i:1702533489;i:334;i:1702533978;i:342;i:1702534312;i:33;i:1702538493;i:346;i:1702538601;}user_id|s:5:\"admin\";profile_image|s:7:\"sis.jpg\";is_logged_in|b:1;'),('4g81esu4qlhi2qg5qhg7rgq9ekkn78ur','::1',1702538870,'__ci_last_regenerate|i:1702538870;username|s:9:\"관리자\";email|s:15:\"admin@admin.com\";last_view|a:18:{i:337;i:1702533967;i:341;i:1702518572;i:338;i:1702518607;i:49;i:1702519152;i:332;i:1702533981;i:47;i:1702519161;i:314;i:1702519383;i:105;i:1702521334;i:70;i:1702521803;i:340;i:1702521837;i:112;i:1702527756;i:52;i:1702524185;i:101;i:1702527550;i:244;i:1702533489;i:334;i:1702533978;i:342;i:1702534312;i:33;i:1702538493;i:346;i:1702538601;}user_id|s:5:\"admin\";profile_image|s:7:\"sis.jpg\";is_logged_in|b:1;'),('4j7k97an0vkvmpnvh6u38d8bf6qjtk5n','::1',1702631490,'__ci_last_regenerate|i:1702631475;username|s:12:\"김또깡스\";email|s:16:\"yes3144@nate.com\";user_id|s:7:\"hnw1451\";profile_image|s:9:\"okems.png\";is_logged_in|b:1;'),('59d38tbd2kt0tsqfhrsiljkurepccnii','::1',1702620786,'__ci_last_regenerate|i:1702620786;username|s:12:\"김또깡스\";email|s:16:\"yes3144@nate.com\";user_id|s:7:\"hnw1451\";profile_image|s:9:\"okems.png\";is_logged_in|b:1;'),('5brqiv7khak9i9n321uji3i9cgultbob','::1',1702538444,'__ci_last_regenerate|i:1702538444;username|s:12:\"김또깡스\";email|s:16:\"yes3144@nate.com\";last_view|a:16:{i:337;i:1702533967;i:341;i:1702518572;i:338;i:1702518607;i:49;i:1702519152;i:332;i:1702533981;i:47;i:1702519161;i:314;i:1702519383;i:105;i:1702521334;i:70;i:1702521803;i:340;i:1702521837;i:112;i:1702527756;i:52;i:1702524185;i:101;i:1702527550;i:244;i:1702533489;i:334;i:1702533978;i:342;i:1702534312;}user_id|s:7:\"hnw1451\";profile_image|s:27:\"20200908172928.12069821.jpg\";is_logged_in|b:1;'),('5p5gibdip59b5bsh8jvenj2mdeasvbve','::1',1702543595,'__ci_last_regenerate|i:1702543595;username|s:9:\"관리자\";email|s:15:\"admin@admin.com\";viewed_posts|a:5:{i:0;s:3:\"357\";i:1;s:3:\"358\";s:7:\"hnw1451\";a:1:{i:0;s:3:\"358\";}s:4:\"suro\";a:2:{i:0;s:3:\"358\";i:1;s:3:\"359\";}s:5:\"admin\";a:1:{i:0;s:3:\"359\";}}user_id|s:5:\"admin\";profile_image|s:7:\"sis.jpg\";is_logged_in|b:1;last_view_time|a:1:{s:5:\"admin\";i:1702543158;}'),('6l2eg9bpunje0uug0oldmqekb5rjjf5u','::1',1702624097,'__ci_last_regenerate|i:1702624097;user_id|s:5:\"admin\";username|s:9:\"관리자\";email|s:15:\"admin@admin.com\";profile_image|s:7:\"sis.jpg\";is_logged_in|b:1;'),('7suc5b152sh5sqtqkidct44bakh12mtn','::1',1702625964,'__ci_last_regenerate|i:1702625964;user_id|s:5:\"admin\";username|s:9:\"관리자\";email|s:15:\"admin@admin.com\";profile_image|s:7:\"sis.jpg\";is_logged_in|b:1;'),('8b3cn1nto3ouhvuv19j90t5t8nibt8dg','::1',1702602478,'__ci_last_regenerate|i:1702602478;user_id|s:7:\"hnw1451\";username|s:12:\"김또깡스\";email|s:16:\"yes3144@nate.com\";profile_image|s:27:\"20200908172928.12069821.jpg\";is_logged_in|b:1;'),('8c2120q8lvg1vva1ehnefo6hohhh1f73','::1',1702531823,'__ci_last_regenerate|i:1702531823;username|s:12:\"김또깡스\";email|s:16:\"yes3144@nate.com\";user_id|s:7:\"hnw1451\";profile_image|s:11:\"profile.PNG\";is_logged_in|b:1;last_view|a:13:{i:337;i:1702517967;i:341;i:1702518572;i:338;i:1702518607;i:49;i:1702519152;i:332;i:1702519157;i:47;i:1702519161;i:314;i:1702519383;i:105;i:1702521334;i:70;i:1702521803;i:340;i:1702521837;i:112;i:1702527756;i:52;i:1702524185;i:101;i:1702527550;}'),('8m9e6is3131k5vtm8kjgh922jsmejkat','::1',1702542206,'__ci_last_regenerate|i:1702542206;username|s:12:\"김또깡스\";email|s:16:\"yes3144@nate.com\";last_view|a:21:{i:337;i:1702533967;i:341;i:1702518572;i:338;i:1702518607;i:49;i:1702519152;i:332;i:1702533981;i:47;i:1702519161;i:314;i:1702519383;i:105;i:1702521334;i:70;i:1702521803;i:340;i:1702521837;i:112;i:1702527756;i:52;i:1702524185;i:101;i:1702527550;i:244;i:1702533489;i:334;i:1702533978;i:342;i:1702534312;i:33;i:1702538493;i:346;i:1702540766;i:351;i:1702540853;i:345;i:1702540867;i:354;i:1702540932;}user_id|s:7:\"hnw1451\";profile_image|s:27:\"20200908172928.12069821.jpg\";is_logged_in|b:1;'),('8uqsgorvfvnr371do70me682isn8dq3u','::1',1702604049,'__ci_last_regenerate|i:1702604049;user_id|s:7:\"hnw1451\";username|s:12:\"김또깡스\";email|s:16:\"yes3144@nate.com\";profile_image|s:27:\"20200908172928.12069821.jpg\";is_logged_in|b:1;'),('94kuamfhhhie4cikqpg48c9g2qnmljit','::1',1702544971,'__ci_last_regenerate|i:1702544675;username|s:9:\"관리자\";email|s:15:\"admin@admin.com\";viewed_posts|a:5:{i:0;s:3:\"357\";i:1;s:3:\"358\";s:7:\"hnw1451\";a:1:{i:0;s:3:\"358\";}s:4:\"suro\";a:2:{i:0;s:3:\"358\";i:1;s:3:\"359\";}s:5:\"admin\";a:1:{i:0;s:3:\"359\";}}last_view_time|a:1:{s:5:\"admin\";i:1702543158;}user_id|s:5:\"admin\";profile_image|s:7:\"sis.jpg\";is_logged_in|b:1;'),('9bsblq646bpec2ld2qjen7434f4o3t8v','::1',1702623438,'__ci_last_regenerate|i:1702623438;user_id|s:5:\"admin\";username|s:9:\"관리자\";email|s:15:\"admin@admin.com\";profile_image|s:7:\"sis.jpg\";is_logged_in|b:1;'),('9c8q8nsjjla5kggh7083ev6sv5u5vbhh','::1',1702600316,'__ci_last_regenerate|i:1702600316;user_id|s:7:\"hnw1451\";username|s:12:\"김또깡스\";email|s:16:\"yes3144@nate.com\";profile_image|s:27:\"20200908172928.12069821.jpg\";is_logged_in|b:1;'),('9olfn8kddc7jo7h3gqc7tveolsa3jpam','::1',1702604351,'__ci_last_regenerate|i:1702604351;user_id|s:7:\"hnw1451\";username|s:12:\"김또깡스\";email|s:16:\"yes3144@nate.com\";profile_image|s:27:\"20200908172928.12069821.jpg\";is_logged_in|b:1;'),('9ota9ber4aev3fo134v562pq1q27cf20','::1',1702601786,'__ci_last_regenerate|i:1702601786;user_id|s:7:\"hnw1451\";username|s:12:\"김또깡스\";email|s:16:\"yes3144@nate.com\";profile_image|s:27:\"20200908172928.12069821.jpg\";is_logged_in|b:1;'),('9s7pe0nceqt5a1u012g75aerhsofgt77','::1',1702605361,'__ci_last_regenerate|i:1702605361;user_id|s:7:\"hnw1451\";username|s:12:\"김또깡스\";email|s:16:\"yes3144@nate.com\";profile_image|s:27:\"20200908172928.12069821.jpg\";is_logged_in|b:1;'),('9vogdguss1mf007u0vtd1hrcp64d50cq','::1',1702623791,'__ci_last_regenerate|i:1702623791;user_id|s:5:\"admin\";username|s:9:\"관리자\";email|s:15:\"admin@admin.com\";profile_image|s:7:\"sis.jpg\";is_logged_in|b:1;'),('agj3ji1tcgp5t82teu4bk35575iatrok','::1',1702605662,'__ci_last_regenerate|i:1702605662;username|s:12:\"김또깡스\";email|s:16:\"yes3144@nate.com\";user_id|s:7:\"hnw1451\";profile_image|s:27:\"20200908172928.12069821.jpg\";is_logged_in|b:1;'),('aul6uvn8o2tgckgsvsbgtaln9rq1v277','::1',1702541863,'__ci_last_regenerate|i:1702541863;username|s:9:\"관리자\";email|s:15:\"admin@admin.com\";last_view|a:21:{i:337;i:1702533967;i:341;i:1702518572;i:338;i:1702518607;i:49;i:1702519152;i:332;i:1702533981;i:47;i:1702519161;i:314;i:1702519383;i:105;i:1702521334;i:70;i:1702521803;i:340;i:1702521837;i:112;i:1702527756;i:52;i:1702524185;i:101;i:1702527550;i:244;i:1702533489;i:334;i:1702533978;i:342;i:1702534312;i:33;i:1702538493;i:346;i:1702540766;i:351;i:1702540853;i:345;i:1702540867;i:354;i:1702540932;}user_id|s:5:\"admin\";profile_image|s:7:\"sis.jpg\";is_logged_in|b:1;'),('be2cmukp5ssp86vv98n2ug4mc14nd8of','::1',1702622287,'__ci_last_regenerate|i:1702622287;user_id|s:5:\"admin\";username|s:9:\"관리자\";email|s:15:\"admin@admin.com\";profile_image|s:7:\"sis.jpg\";is_logged_in|b:1;'),('bko5rv591fkj2bfac0apb86fg6uii7os','::1',1702626389,'__ci_last_regenerate|i:1702626389;user_id|s:5:\"admin\";username|s:9:\"관리자\";email|s:15:\"admin@admin.com\";profile_image|s:7:\"sis.jpg\";is_logged_in|b:1;'),('bpmt2b1jbkboq5bl1i2surs3ljsb8fbr','::1',1702600007,'__ci_last_regenerate|i:1702600007;user_id|s:7:\"hnw1451\";username|s:12:\"김또깡스\";email|s:16:\"yes3144@nate.com\";profile_image|s:27:\"20200908172928.12069821.jpg\";is_logged_in|b:1;'),('cgo41t0kj1jhdnbit9fvj0ue03l3qb4q','::1',1702617602,'__ci_last_regenerate|i:1702617602;username|s:12:\"김또깡스\";email|s:16:\"yes3144@nate.com\";user_id|s:7:\"hnw1451\";profile_image|s:27:\"20200908172928.12069821.jpg\";is_logged_in|b:1;'),('cp11cqgot7vc1tvfulphnomudgdnpoml','::1',1702625065,'__ci_last_regenerate|i:1702625065;user_id|s:5:\"admin\";username|s:9:\"관리자\";email|s:15:\"admin@admin.com\";profile_image|s:7:\"sis.jpg\";is_logged_in|b:1;'),('d6fgahife1avpkrqpe9crmrai3j2hls5','::1',1702618855,'__ci_last_regenerate|i:1702618855;username|s:12:\"김또깡스\";email|s:16:\"yes3144@nate.com\";user_id|s:7:\"hnw1451\";profile_image|s:27:\"20200908172928.12069821.jpg\";is_logged_in|b:1;'),('d9gp5bsrsg5g227cnkaujbrdp26sam1f','::1',1702624756,'__ci_last_regenerate|i:1702624756;user_id|s:5:\"admin\";username|s:9:\"관리자\";email|s:15:\"admin@admin.com\";profile_image|s:7:\"sis.jpg\";is_logged_in|b:1;'),('djf4arbe7vl529rmtc8tramj83afrp9j','::1',1702612868,'__ci_last_regenerate|i:1702612868;username|s:12:\"김또깡스\";email|s:16:\"yes3144@nate.com\";user_id|s:7:\"hnw1451\";profile_image|s:27:\"20200908172928.12069821.jpg\";is_logged_in|b:1;'),('djlivljosu29tdf53e22pgmmufqonocl','::1',1702621564,'__ci_last_regenerate|i:1702621564;username|s:12:\"김또깡스\";email|s:16:\"yes3144@nate.com\";user_id|s:7:\"hnw1451\";profile_image|s:9:\"okems.png\";is_logged_in|b:1;'),('dktoumlnlpm6gg4rsh28qoule09fa82t','::1',1702535661,'__ci_last_regenerate|i:1702535661;username|s:12:\"김또깡스\";email|s:16:\"yes3144@nate.com\";last_view|a:16:{i:337;i:1702533967;i:341;i:1702518572;i:338;i:1702518607;i:49;i:1702519152;i:332;i:1702533981;i:47;i:1702519161;i:314;i:1702519383;i:105;i:1702521334;i:70;i:1702521803;i:340;i:1702521837;i:112;i:1702527756;i:52;i:1702524185;i:101;i:1702527550;i:244;i:1702533489;i:334;i:1702533978;i:342;i:1702534312;}user_id|s:7:\"hnw1451\";profile_image|s:27:\"20200908172928.12069821.jpg\";is_logged_in|b:1;'),('dnihijv5q32odpghfi7h1e9qqftoak4l','::1',1702614530,'__ci_last_regenerate|i:1702614530;username|s:12:\"김또깡스\";email|s:16:\"yes3144@nate.com\";user_id|s:7:\"hnw1451\";profile_image|s:27:\"20200908172928.12069821.jpg\";is_logged_in|b:1;'),('dnol2q1kvcn0tb6h49lgeek672at525c','::1',1702607389,'__ci_last_regenerate|i:1702607389;username|s:12:\"김또깡스\";email|s:16:\"yes3144@nate.com\";user_id|s:7:\"hnw1451\";profile_image|s:27:\"20200908172928.12069821.jpg\";is_logged_in|b:1;'),('dshfhlrcv9978nqabqc95s228u9crv8r','::1',1702629825,'__ci_last_regenerate|i:1702629825;username|s:12:\"김또깡스\";email|s:16:\"yes3144@nate.com\";user_id|s:7:\"hnw1451\";profile_image|s:9:\"okems.png\";is_logged_in|b:1;'),('f78l0i75ns7a8b9rg0p6bfg6nidgbpkl','::1',1702616321,'__ci_last_regenerate|i:1702616321;username|s:12:\"김또깡스\";email|s:16:\"yes3144@nate.com\";user_id|s:7:\"hnw1451\";profile_image|s:27:\"20200908172928.12069821.jpg\";is_logged_in|b:1;'),('ffrrdr1acep6bg1u6qclh5h1g8psjto7','::1',1702532914,'__ci_last_regenerate|i:1702532914;username|s:9:\"김수로\";email|s:14:\"suro@naver.com\";last_view|a:13:{i:337;i:1702517967;i:341;i:1702518572;i:338;i:1702518607;i:49;i:1702519152;i:332;i:1702519157;i:47;i:1702519161;i:314;i:1702519383;i:105;i:1702521334;i:70;i:1702521803;i:340;i:1702521837;i:112;i:1702527756;i:52;i:1702524185;i:101;i:1702527550;}user_id|s:4:\"suro\";profile_image|s:10:\"actor1.jpg\";is_logged_in|b:1;'),('fj5os59t4p4t3mu3cvc8cfpo13h1gu43','::1',1702543996,'__ci_last_regenerate|i:1702543996;username|s:9:\"관리자\";email|s:15:\"admin@admin.com\";viewed_posts|a:5:{i:0;s:3:\"357\";i:1;s:3:\"358\";s:7:\"hnw1451\";a:1:{i:0;s:3:\"358\";}s:4:\"suro\";a:2:{i:0;s:3:\"358\";i:1;s:3:\"359\";}s:5:\"admin\";a:1:{i:0;s:3:\"359\";}}user_id|s:5:\"admin\";profile_image|s:7:\"sis.jpg\";is_logged_in|b:1;last_view_time|a:1:{s:5:\"admin\";i:1702543158;}'),('fs990p0vl0m1aifhba1qhthle4lb8327','::1',1702532125,'__ci_last_regenerate|i:1702532125;username|s:12:\"김또깡스\";email|s:16:\"yes3144@nate.com\";user_id|s:7:\"hnw1451\";profile_image|s:11:\"profile.PNG\";is_logged_in|b:1;last_view|a:13:{i:337;i:1702517967;i:341;i:1702518572;i:338;i:1702518607;i:49;i:1702519152;i:332;i:1702519157;i:47;i:1702519161;i:314;i:1702519383;i:105;i:1702521334;i:70;i:1702521803;i:340;i:1702521837;i:112;i:1702527756;i:52;i:1702524185;i:101;i:1702527550;}'),('fuv1tsslhiabb348d0se2et63125so0u','::1',1702538140,'__ci_last_regenerate|i:1702538140;username|s:12:\"김또깡스\";email|s:16:\"yes3144@nate.com\";last_view|a:16:{i:337;i:1702533967;i:341;i:1702518572;i:338;i:1702518607;i:49;i:1702519152;i:332;i:1702533981;i:47;i:1702519161;i:314;i:1702519383;i:105;i:1702521334;i:70;i:1702521803;i:340;i:1702521837;i:112;i:1702527756;i:52;i:1702524185;i:101;i:1702527550;i:244;i:1702533489;i:334;i:1702533978;i:342;i:1702534312;}user_id|s:7:\"hnw1451\";profile_image|s:27:\"20200908172928.12069821.jpg\";is_logged_in|b:1;'),('fvu2s089k7ecuii4a1r50d3eg1oqc87k','::1',1702535292,'__ci_last_regenerate|i:1702535292;username|s:12:\"김또깡스\";email|s:16:\"yes3144@nate.com\";last_view|a:16:{i:337;i:1702533967;i:341;i:1702518572;i:338;i:1702518607;i:49;i:1702519152;i:332;i:1702533981;i:47;i:1702519161;i:314;i:1702519383;i:105;i:1702521334;i:70;i:1702521803;i:340;i:1702521837;i:112;i:1702527756;i:52;i:1702524185;i:101;i:1702527550;i:244;i:1702533489;i:334;i:1702533978;i:342;i:1702534312;}user_id|s:7:\"hnw1451\";profile_image|s:11:\"profile.PNG\";is_logged_in|b:1;'),('gd5q466f120ndgedu4c1g19resht5inu','::1',1702606362,'__ci_last_regenerate|i:1702606362;username|s:12:\"김또깡스\";email|s:16:\"yes3144@nate.com\";user_id|s:7:\"hnw1451\";profile_image|s:27:\"20200908172928.12069821.jpg\";is_logged_in|b:1;'),('gdpk426p63ipjopv0usardhq2ne647ok','::1',1702540925,'__ci_last_regenerate|i:1702540925;username|s:12:\"김또깡스\";email|s:16:\"yes3144@nate.com\";last_view|a:20:{i:337;i:1702533967;i:341;i:1702518572;i:338;i:1702518607;i:49;i:1702519152;i:332;i:1702533981;i:47;i:1702519161;i:314;i:1702519383;i:105;i:1702521334;i:70;i:1702521803;i:340;i:1702521837;i:112;i:1702527756;i:52;i:1702524185;i:101;i:1702527550;i:244;i:1702533489;i:334;i:1702533978;i:342;i:1702534312;i:33;i:1702538493;i:346;i:1702540766;i:351;i:1702540853;i:345;i:1702540867;}user_id|s:7:\"hnw1451\";profile_image|s:27:\"20200908172928.12069821.jpg\";is_logged_in|b:1;'),('gs61k7b57v2gnepo2tt1ce432runkemc','::1',1702601473,'__ci_last_regenerate|i:1702601473;user_id|s:7:\"hnw1451\";username|s:12:\"김또깡스\";email|s:16:\"yes3144@nate.com\";profile_image|s:27:\"20200908172928.12069821.jpg\";is_logged_in|b:1;'),('gt1so4oruba5lhnsq03s2653rm30l8qb','::1',1702615519,'__ci_last_regenerate|i:1702615519;username|s:12:\"김또깡스\";email|s:16:\"yes3144@nate.com\";user_id|s:7:\"hnw1451\";profile_image|s:27:\"20200908172928.12069821.jpg\";is_logged_in|b:1;'),('hq56tig0erd0h58m50fta1kn1ku0ipmq','::1',1702604668,'__ci_last_regenerate|i:1702604668;user_id|s:7:\"hnw1451\";username|s:12:\"김또깡스\";email|s:16:\"yes3144@nate.com\";profile_image|s:27:\"20200908172928.12069821.jpg\";is_logged_in|b:1;'),('i00ph797cgdog3ij7u1atd5asu4v0ldv','::1',1702629351,'__ci_last_regenerate|i:1702629351;username|s:12:\"김또깡스\";email|s:16:\"yes3144@nate.com\";user_id|s:7:\"hnw1451\";profile_image|s:9:\"okems.png\";is_logged_in|b:1;'),('ivfbofbgpsq74d3m50m3evgg0fph21r1','::1',1702544675,'__ci_last_regenerate|i:1702544675;username|s:9:\"관리자\";email|s:15:\"admin@admin.com\";viewed_posts|a:5:{i:0;s:3:\"357\";i:1;s:3:\"358\";s:7:\"hnw1451\";a:1:{i:0;s:3:\"358\";}s:4:\"suro\";a:2:{i:0;s:3:\"358\";i:1;s:3:\"359\";}s:5:\"admin\";a:1:{i:0;s:3:\"359\";}}last_view_time|a:1:{s:5:\"admin\";i:1702543158;}user_id|s:5:\"admin\";profile_image|s:7:\"sis.jpg\";is_logged_in|b:1;'),('j2rlta2slckrja6sfeli8ral0p3ii5tl','::1',1702621608,'__ci_last_regenerate|i:1702621564;username|s:9:\"관리자\";email|s:15:\"admin@admin.com\";user_id|s:5:\"admin\";profile_image|s:7:\"sis.jpg\";is_logged_in|b:1;'),('jev6jim4071nsobiv5l5bc7v97qlvpeh','::1',1702533931,'__ci_last_regenerate|i:1702533931;username|s:9:\"김수로\";email|s:14:\"suro@naver.com\";last_view|a:14:{i:337;i:1702517967;i:341;i:1702518572;i:338;i:1702518607;i:49;i:1702519152;i:332;i:1702519157;i:47;i:1702519161;i:314;i:1702519383;i:105;i:1702521334;i:70;i:1702521803;i:340;i:1702521837;i:112;i:1702527756;i:52;i:1702524185;i:101;i:1702527550;i:244;i:1702533489;}user_id|s:4:\"suro\";profile_image|s:10:\"actor1.jpg\";is_logged_in|b:1;'),('jqffiicsbvduu1bkj43bs0ms8mq3205f','::1',1702607740,'__ci_last_regenerate|i:1702607740;username|s:12:\"김또깡스\";email|s:16:\"yes3144@nate.com\";user_id|s:7:\"hnw1451\";profile_image|s:27:\"20200908172928.12069821.jpg\";is_logged_in|b:1;'),('jsq4po6pp6i6n8kusp2acdm8h642gip1','::1',1702608061,'__ci_last_regenerate|i:1702608061;username|s:12:\"김또깡스\";email|s:16:\"yes3144@nate.com\";user_id|s:7:\"hnw1451\";profile_image|s:27:\"20200908172928.12069821.jpg\";is_logged_in|b:1;'),('k026d0kksqi429p2qtocvag9l6kt4t6m','::1',1702622615,'__ci_last_regenerate|i:1702622615;user_id|s:5:\"admin\";username|s:9:\"관리자\";email|s:15:\"admin@admin.com\";profile_image|s:7:\"sis.jpg\";is_logged_in|b:1;'),('kfvv2kubc8nt9q50g7qi6ipo4b633vp6','::1',1702620150,'__ci_last_regenerate|i:1702620150;username|s:12:\"김또깡스\";email|s:16:\"yes3144@nate.com\";user_id|s:7:\"hnw1451\";profile_image|s:9:\"okems.png\";is_logged_in|b:1;'),('khmgoaje61lokt448f12d8eej93hi3tt','::1',1702540588,'__ci_last_regenerate|i:1702540588;username|s:9:\"관리자\";email|s:15:\"admin@admin.com\";last_view|a:18:{i:337;i:1702533967;i:341;i:1702518572;i:338;i:1702518607;i:49;i:1702519152;i:332;i:1702533981;i:47;i:1702519161;i:314;i:1702519383;i:105;i:1702521334;i:70;i:1702521803;i:340;i:1702521837;i:112;i:1702527756;i:52;i:1702524185;i:101;i:1702527550;i:244;i:1702533489;i:334;i:1702533978;i:342;i:1702534312;i:33;i:1702538493;i:346;i:1702538601;}user_id|s:5:\"admin\";profile_image|s:7:\"sis.jpg\";is_logged_in|b:1;'),('kqv771lmg86vc48b91gtpc4a94ke61cl','::1',1702621224,'__ci_last_regenerate|i:1702621224;username|s:12:\"김또깡스\";email|s:16:\"yes3144@nate.com\";user_id|s:7:\"hnw1451\";profile_image|s:9:\"okems.png\";is_logged_in|b:1;'),('kvh7286smekci5rmpm6t81v291c5h8sg','::1',1702543003,'__ci_last_regenerate|i:1702543003;username|s:12:\"김또깡스\";email|s:16:\"yes3144@nate.com\";viewed_posts|a:2:{i:0;s:3:\"357\";i:1;s:3:\"358\";}user_id|s:7:\"hnw1451\";profile_image|s:27:\"20200908172928.12069821.jpg\";is_logged_in|b:1;'),('l6sarh59l05rrpm2004q9ka1r5e7di3u','::1',1702598902,'__ci_last_regenerate|i:1702598902;user_id|s:7:\"hnw1451\";username|s:12:\"김또깡스\";email|s:16:\"yes3144@nate.com\";profile_image|s:27:\"20200908172928.12069821.jpg\";is_logged_in|b:1;'),('lotgvj11kqom9sueqvm6sqpk4lgtss90','::1',1702618539,'__ci_last_regenerate|i:1702618539;username|s:12:\"김또깡스\";email|s:16:\"yes3144@nate.com\";user_id|s:7:\"hnw1451\";profile_image|s:27:\"20200908172928.12069821.jpg\";is_logged_in|b:1;'),('mkv9e7gg3n7n6ib0b39kv3nt37b68o8o','::1',1702623117,'__ci_last_regenerate|i:1702623117;user_id|s:5:\"admin\";username|s:9:\"관리자\";email|s:15:\"admin@admin.com\";profile_image|s:7:\"sis.jpg\";is_logged_in|b:1;'),('mm8in8ea6tigf894pon2jfa7tl2u1og4','::1',1702624448,'__ci_last_regenerate|i:1702624448;user_id|s:5:\"admin\";username|s:9:\"관리자\";email|s:15:\"admin@admin.com\";profile_image|s:7:\"sis.jpg\";is_logged_in|b:1;'),('n61k1gi1a8jihgir5dta3cua4eupnar0','::1',1702619474,'__ci_last_regenerate|i:1702619474;username|s:12:\"김또깡스\";email|s:16:\"yes3144@nate.com\";user_id|s:7:\"hnw1451\";profile_image|s:9:\"okems.png\";is_logged_in|b:1;'),('n7vh2oq13kf89n3f66tbk6jo06rp5ena','::1',1702537827,'__ci_last_regenerate|i:1702537827;username|s:12:\"김또깡스\";email|s:16:\"yes3144@nate.com\";last_view|a:16:{i:337;i:1702533967;i:341;i:1702518572;i:338;i:1702518607;i:49;i:1702519152;i:332;i:1702533981;i:47;i:1702519161;i:314;i:1702519383;i:105;i:1702521334;i:70;i:1702521803;i:340;i:1702521837;i:112;i:1702527756;i:52;i:1702524185;i:101;i:1702527550;i:244;i:1702533489;i:334;i:1702533978;i:342;i:1702534312;}user_id|s:7:\"hnw1451\";profile_image|s:27:\"20200908172928.12069821.jpg\";is_logged_in|b:1;'),('n8vq3p6q0jgm0bbha6i55svfigbait95','::1',1702536617,'__ci_last_regenerate|i:1702536617;username|s:12:\"김또깡스\";email|s:16:\"yes3144@nate.com\";last_view|a:16:{i:337;i:1702533967;i:341;i:1702518572;i:338;i:1702518607;i:49;i:1702519152;i:332;i:1702533981;i:47;i:1702519161;i:314;i:1702519383;i:105;i:1702521334;i:70;i:1702521803;i:340;i:1702521837;i:112;i:1702527756;i:52;i:1702524185;i:101;i:1702527550;i:244;i:1702533489;i:334;i:1702533978;i:342;i:1702534312;}user_id|s:7:\"hnw1451\";profile_image|s:27:\"20200908172928.12069821.jpg\";is_logged_in|b:1;'),('nib3dibktgulufosienop0cjn6o9kv16','::1',1702544333,'__ci_last_regenerate|i:1702544333;username|s:9:\"관리자\";email|s:15:\"admin@admin.com\";viewed_posts|a:5:{i:0;s:3:\"357\";i:1;s:3:\"358\";s:7:\"hnw1451\";a:1:{i:0;s:3:\"358\";}s:4:\"suro\";a:2:{i:0;s:3:\"358\";i:1;s:3:\"359\";}s:5:\"admin\";a:1:{i:0;s:3:\"359\";}}last_view_time|a:1:{s:5:\"admin\";i:1702543158;}user_id|s:5:\"admin\";profile_image|s:7:\"sis.jpg\";is_logged_in|b:1;'),('niiv6cva8qr5efgm72jevu84dnjdbhl4','::1',1702620483,'__ci_last_regenerate|i:1702620483;username|s:12:\"김또깡스\";email|s:16:\"yes3144@nate.com\";user_id|s:7:\"hnw1451\";profile_image|s:9:\"okems.png\";is_logged_in|b:1;'),('nl59aej0npo7e15lh4bjp78qoki4dskf','::1',1702541252,'__ci_last_regenerate|i:1702541252;username|s:9:\"관리자\";email|s:15:\"admin@admin.com\";last_view|a:21:{i:337;i:1702533967;i:341;i:1702518572;i:338;i:1702518607;i:49;i:1702519152;i:332;i:1702533981;i:47;i:1702519161;i:314;i:1702519383;i:105;i:1702521334;i:70;i:1702521803;i:340;i:1702521837;i:112;i:1702527756;i:52;i:1702524185;i:101;i:1702527550;i:244;i:1702533489;i:334;i:1702533978;i:342;i:1702534312;i:33;i:1702538493;i:346;i:1702540766;i:351;i:1702540853;i:345;i:1702540867;i:354;i:1702540932;}user_id|s:5:\"admin\";profile_image|s:7:\"sis.jpg\";is_logged_in|b:1;'),('ojgfoppiteq81hjml4rqqraduhte2198','::1',1702613197,'__ci_last_regenerate|i:1702613197;username|s:12:\"김또깡스\";email|s:16:\"yes3144@nate.com\";user_id|s:7:\"hnw1451\";profile_image|s:27:\"20200908172928.12069821.jpg\";is_logged_in|b:1;'),('ojvsu85erj7iq86cb8lkrh4k38f8oc25','::1',1702533258,'__ci_last_regenerate|i:1702533258;username|s:9:\"김수로\";email|s:14:\"suro@naver.com\";last_view|a:13:{i:337;i:1702517967;i:341;i:1702518572;i:338;i:1702518607;i:49;i:1702519152;i:332;i:1702519157;i:47;i:1702519161;i:314;i:1702519383;i:105;i:1702521334;i:70;i:1702521803;i:340;i:1702521837;i:112;i:1702527756;i:52;i:1702524185;i:101;i:1702527550;}user_id|s:4:\"suro\";profile_image|s:10:\"actor1.jpg\";is_logged_in|b:1;'),('p43nnav5008g5s981hog40jsjcsi368f','::1',1702542512,'__ci_last_regenerate|i:1702542512;username|s:9:\"관리자\";email|s:15:\"admin@admin.com\";last_view|a:21:{i:337;i:1702533967;i:341;i:1702518572;i:338;i:1702518607;i:49;i:1702519152;i:332;i:1702533981;i:47;i:1702519161;i:314;i:1702519383;i:105;i:1702521334;i:70;i:1702521803;i:340;i:1702521837;i:112;i:1702527756;i:52;i:1702524185;i:101;i:1702527550;i:244;i:1702533489;i:334;i:1702533978;i:342;i:1702534312;i:33;i:1702538493;i:346;i:1702540766;i:351;i:1702540853;i:345;i:1702540867;i:354;i:1702540932;}viewed_posts|a:1:{i:0;s:3:\"355\";}user_id|s:5:\"admin\";profile_image|s:7:\"sis.jpg\";is_logged_in|b:1;'),('ql9phe4isbebn7jnq8vakhq9i8dussuv','::1',1702631117,'__ci_last_regenerate|i:1702631117;username|s:12:\"김또깡스\";email|s:16:\"yes3144@nate.com\";user_id|s:7:\"hnw1451\";profile_image|s:9:\"okems.png\";is_logged_in|b:1;'),('qs2mlnv04i3meposafgc4sg39cr41psj','::1',1702533559,'__ci_last_regenerate|i:1702533559;username|s:9:\"김수로\";email|s:14:\"suro@naver.com\";last_view|a:14:{i:337;i:1702517967;i:341;i:1702518572;i:338;i:1702518607;i:49;i:1702519152;i:332;i:1702519157;i:47;i:1702519161;i:314;i:1702519383;i:105;i:1702521334;i:70;i:1702521803;i:340;i:1702521837;i:112;i:1702527756;i:52;i:1702524185;i:101;i:1702527550;i:244;i:1702533489;}user_id|s:4:\"suro\";profile_image|s:10:\"actor1.jpg\";is_logged_in|b:1;'),('r2k3ojtpp7jreq9nfudbrdlaong6sh8q','::1',1702598557,'__ci_last_regenerate|i:1702598557;user_id|s:7:\"hnw1451\";username|s:12:\"김또깡스\";email|s:16:\"yes3144@nate.com\";profile_image|s:27:\"20200908172928.12069821.jpg\";is_logged_in|b:1;'),('rdgb9u32bv2lsu4etrhpqe317fbjv8ju','::1',1702537408,'__ci_last_regenerate|i:1702537408;username|s:12:\"김또깡스\";email|s:16:\"yes3144@nate.com\";last_view|a:16:{i:337;i:1702533967;i:341;i:1702518572;i:338;i:1702518607;i:49;i:1702519152;i:332;i:1702533981;i:47;i:1702519161;i:314;i:1702519383;i:105;i:1702521334;i:70;i:1702521803;i:340;i:1702521837;i:112;i:1702527756;i:52;i:1702524185;i:101;i:1702527550;i:244;i:1702533489;i:334;i:1702533978;i:342;i:1702534312;}user_id|s:7:\"hnw1451\";profile_image|s:27:\"20200908172928.12069821.jpg\";is_logged_in|b:1;'),('rm76fmfvdv5sq5928hukqaneovirjncr','::1',1702613910,'__ci_last_regenerate|i:1702613910;username|s:12:\"김또깡스\";email|s:16:\"yes3144@nate.com\";user_id|s:7:\"hnw1451\";profile_image|s:27:\"20200908172928.12069821.jpg\";is_logged_in|b:1;'),('s0909h9ccdqt1tstpfg826jqcrj8b1sv','::1',1702616036,'__ci_last_regenerate|i:1702616036;'),('sud1uuglg4ol3dpbag3vtvg5j5fo2fer','::1',1702603739,'__ci_last_regenerate|i:1702603739;user_id|s:7:\"hnw1451\";username|s:12:\"김또깡스\";email|s:16:\"yes3144@nate.com\";profile_image|s:27:\"20200908172928.12069821.jpg\";is_logged_in|b:1;'),('t25hvhbr45080v9qrbkporrutse3r9p5','::1',1702630816,'__ci_last_regenerate|i:1702630816;username|s:12:\"김또깡스\";email|s:16:\"yes3144@nate.com\";user_id|s:7:\"hnw1451\";profile_image|s:9:\"okems.png\";is_logged_in|b:1;'),('t2iu10k976f99v31kcliaflqmg4ojs84','::1',1702534260,'__ci_last_regenerate|i:1702534260;username|s:12:\"김또깡스\";email|s:16:\"yes3144@nate.com\";last_view|a:15:{i:337;i:1702533967;i:341;i:1702518572;i:338;i:1702518607;i:49;i:1702519152;i:332;i:1702533981;i:47;i:1702519161;i:314;i:1702519383;i:105;i:1702521334;i:70;i:1702521803;i:340;i:1702521837;i:112;i:1702527756;i:52;i:1702524185;i:101;i:1702527550;i:244;i:1702533489;i:334;i:1702533978;}user_id|s:7:\"hnw1451\";profile_image|s:11:\"profile.PNG\";is_logged_in|b:1;'),('t9g2qjrh25hqdclu9l95p23f3pibe4ma','::1',1702628961,'__ci_last_regenerate|i:1702628961;username|s:9:\"관리자\";email|s:15:\"admin@admin.com\";'),('tcgfa5tm5sbqanbbppkphsuan8qu48i0','::1',1702619161,'__ci_last_regenerate|i:1702619161;username|s:9:\"관리자\";email|s:15:\"admin@admin.com\";user_id|s:5:\"admin\";profile_image|s:7:\"sis.jpg\";is_logged_in|b:1;'),('tdhaek65pmrc6j18ke5rehi686d2muq3','::1',1702614897,'__ci_last_regenerate|i:1702614897;username|s:12:\"김또깡스\";email|s:16:\"yes3144@nate.com\";user_id|s:7:\"hnw1451\";profile_image|s:27:\"20200908172928.12069821.jpg\";is_logged_in|b:1;'),('tg1vd7j4p72em72tcj4m1k4je7g6rn3d','::1',1702617904,'__ci_last_regenerate|i:1702617904;username|s:12:\"김또깡스\";email|s:16:\"yes3144@nate.com\";user_id|s:7:\"hnw1451\";profile_image|s:27:\"20200908172928.12069821.jpg\";is_logged_in|b:1;'),('uo44qh4gb05a1nj5gpt61mps8qc55vb5','::1',1702615833,'__ci_last_regenerate|i:1702615833;username|s:12:\"김또깡스\";email|s:16:\"yes3144@nate.com\";user_id|s:7:\"hnw1451\";profile_image|s:27:\"20200908172928.12069821.jpg\";is_logged_in|b:1;'),('v1bi1bd2vqq617rfcie1a612tu9lgimo','::1',1702536301,'__ci_last_regenerate|i:1702536301;username|s:12:\"김또깡스\";email|s:16:\"yes3144@nate.com\";last_view|a:16:{i:337;i:1702533967;i:341;i:1702518572;i:338;i:1702518607;i:49;i:1702519152;i:332;i:1702533981;i:47;i:1702519161;i:314;i:1702519383;i:105;i:1702521334;i:70;i:1702521803;i:340;i:1702521837;i:112;i:1702527756;i:52;i:1702524185;i:101;i:1702527550;i:244;i:1702533489;i:334;i:1702533978;i:342;i:1702534312;}user_id|s:7:\"hnw1451\";profile_image|s:27:\"20200908172928.12069821.jpg\";is_logged_in|b:1;'),('v85fqtcqc8htc4jjhc9q280luqj82k8t','::1',1702617260,'__ci_last_regenerate|i:1702617260;username|s:12:\"김또깡스\";email|s:16:\"yes3144@nate.com\";user_id|s:7:\"hnw1451\";profile_image|s:27:\"20200908172928.12069821.jpg\";is_logged_in|b:1;'),('v8t85mnoeqib1ln0e910kde642t74kro','::1',1702531389,'__ci_last_regenerate|i:1702531389;username|s:12:\"김또깡스\";email|s:16:\"yes3144@nate.com\";user_id|s:7:\"hnw1451\";profile_image|s:11:\"profile.PNG\";is_logged_in|b:1;last_view|a:13:{i:337;i:1702517967;i:341;i:1702518572;i:338;i:1702518607;i:49;i:1702519152;i:332;i:1702519157;i:47;i:1702519161;i:314;i:1702519383;i:105;i:1702521334;i:70;i:1702521803;i:340;i:1702521837;i:112;i:1702527756;i:52;i:1702524185;i:101;i:1702527550;}'),('vgn4d2o9ja1pf6pq8a1u8kr69fi8v97a','::1',1702541555,'__ci_last_regenerate|i:1702541555;username|s:12:\"김또깡스\";email|s:16:\"yes3144@nate.com\";last_view|a:21:{i:337;i:1702533967;i:341;i:1702518572;i:338;i:1702518607;i:49;i:1702519152;i:332;i:1702533981;i:47;i:1702519161;i:314;i:1702519383;i:105;i:1702521334;i:70;i:1702521803;i:340;i:1702521837;i:112;i:1702527756;i:52;i:1702524185;i:101;i:1702527550;i:244;i:1702533489;i:334;i:1702533978;i:342;i:1702534312;i:33;i:1702538493;i:346;i:1702540766;i:351;i:1702540853;i:345;i:1702540867;i:354;i:1702540932;}user_id|s:7:\"hnw1451\";profile_image|s:27:\"20200908172928.12069821.jpg\";is_logged_in|b:1;'),('vpfniaag2m5vloebb3e8fqsg4d6c1qag','::1',1702621931,'__ci_last_regenerate|i:1702621931;user_id|s:5:\"admin\";username|s:9:\"관리자\";email|s:15:\"admin@admin.com\";profile_image|s:7:\"sis.jpg\";is_logged_in|b:1;'),('vtjtqeepucl0stvl9rmgn7fc34io5sc5','::1',1702625374,'__ci_last_regenerate|i:1702625374;user_id|s:5:\"admin\";username|s:9:\"관리자\";email|s:15:\"admin@admin.com\";profile_image|s:7:\"sis.jpg\";is_logged_in|b:1;');

/*Table structure for table `comment` */

DROP TABLE IF EXISTS `comment`;

CREATE TABLE `comment` (
  `comment_id` int(11) NOT NULL AUTO_INCREMENT,
  `parent_comment_id` int(11) DEFAULT NULL,
  `ref` int(11) DEFAULT NULL,
  `re_step` int(11) DEFAULT 0,
  `re_level` int(11) DEFAULT 0,
  `post_id` int(11) DEFAULT NULL,
  `user_id` varchar(45) DEFAULT NULL,
  `comment_content` text DEFAULT NULL,
  `create_date` timestamp NOT NULL DEFAULT current_timestamp(),
  `update_date` timestamp NOT NULL DEFAULT '0000-00-00 00:00:00',
  `delete_status` tinyint(1) DEFAULT NULL,
  PRIMARY KEY (`comment_id`)
) ENGINE=InnoDB AUTO_INCREMENT=366 DEFAULT CHARSET=utf8mb4 COLLATE=utf8mb4_general_ci;

/*Data for the table `comment` */

insert  into `comment`(`comment_id`,`parent_comment_id`,`ref`,`re_step`,`re_level`,`post_id`,`user_id`,`comment_content`,`create_date`,`update_date`,`delete_status`) values (238,NULL,238,0,0,35,'admin','1','2023-11-24 16:43:28','0000-00-00 00:00:00',NULL),(239,238,238,2,1,35,'admin','2','2023-11-24 16:44:07','0000-00-00 00:00:00',NULL),(240,239,238,3,2,35,'admin','3','2023-11-24 16:44:07','0000-00-00 00:00:00',NULL),(241,240,238,4,3,35,'admin','4','2023-11-24 16:44:07','0000-00-00 00:00:00',NULL),(242,238,238,1,1,35,'admin','5','2023-11-24 08:44:07','0000-00-00 00:00:00',NULL),(243,NULL,243,0,0,101,'hnw1451','ㅋㅋㅋ','2023-11-30 16:53:01','0000-00-00 00:00:00',NULL),(244,NULL,244,0,0,88,'hnw1451','ㅇㅇ','2023-11-30 16:53:22','0000-00-00 00:00:00',NULL),(245,NULL,245,0,0,57,'hnw1451','ㅂㅂㅂ','2023-11-30 16:54:22','0000-00-00 00:00:00',NULL),(246,NULL,246,0,0,101,'hnw1451','4353','2023-11-30 16:56:17','0000-00-00 00:00:00',NULL),(247,NULL,247,0,0,101,'hnw1451','345','2023-11-30 16:56:20','0000-00-00 00:00:00',NULL),(248,NULL,248,0,0,101,'BID','111','2023-11-30 17:29:53','0000-00-00 00:00:00',NULL),(249,NULL,249,0,0,101,'hnw1451','4','2023-12-01 08:29:55','0000-00-00 00:00:00',NULL),(250,NULL,250,0,0,100,'hnw1451','5678ㅕ\r\n','2023-12-01 08:38:18','0000-00-00 00:00:00',NULL),(251,248,248,1,1,101,'suro','ㄴㅇㅇ','2023-12-01 01:07:10','0000-00-00 00:00:00',NULL),(252,251,248,2,2,101,'suro','ㄹㄹㄹㄹ','2023-12-01 01:07:14','0000-00-00 00:00:00',NULL),(259,NULL,259,0,0,99,'suro','1','2023-12-01 10:02:34','0000-00-00 00:00:00',NULL),(260,259,259,2,1,99,'suro','1-1','2023-12-01 10:02:57','0000-00-00 00:00:00',NULL),(261,260,259,4,2,99,'suro','1-1-1','2023-12-01 10:02:57','0000-00-00 00:00:00',NULL),(262,260,259,3,2,99,'suro','1-1-2','2023-12-01 10:02:57','0000-00-00 00:00:00',NULL),(263,259,259,1,1,99,'suro','1-2','2023-12-01 02:02:57','0000-00-00 00:00:00',NULL),(264,NULL,264,0,0,98,'suro','안녕하세요\r\n','2023-12-01 10:06:23','0000-00-00 00:00:00',NULL),(265,NULL,265,0,0,98,'yes3144','안녕하세요','2023-12-01 10:07:35','0000-00-00 00:00:00',NULL),(266,265,265,1,1,98,'yes3144','반가워요','2023-12-01 02:07:40','0000-00-00 00:00:00',NULL),(267,264,264,2,1,98,'yes3144','반가워요','2023-12-01 10:08:41','0000-00-00 00:00:00',NULL),(268,NULL,268,0,0,98,'hnw1451','ㅎㅇㅎㅇ','2023-12-01 10:08:26','0000-00-00 00:00:00',NULL),(269,267,264,3,2,98,'hnw1451','ㅋㅋㅋ네','2023-12-01 10:08:41','0000-00-00 00:00:00',NULL),(270,264,264,1,1,98,'hnw1451','ㅎㅇㅎㅇ','2023-12-01 02:08:41','0000-00-00 00:00:00',NULL),(271,NULL,271,0,0,57,'hnw1451','ㅋㅋㅋㅋㅋㅋㅋㅋㅋㅋㅋ','2023-12-01 10:16:59','0000-00-00 00:00:00',NULL),(272,NULL,272,0,0,57,'hnw1451','ㅋㅋㅋㅋㅋㅋㅋㅋㅋㅋㅋㅋㅋㅋㅋㅋㅋㅋ','2023-12-01 10:17:01','0000-00-00 00:00:00',NULL),(273,NULL,273,0,0,57,'hnw1451','ㅎㅎㅎㅎㅎㅎㅎㅎㅎㅎㅎㅎ','2023-12-01 10:17:03','0000-00-00 00:00:00',NULL),(274,NULL,274,0,0,62,'hnw1451','1번 댓글','2023-12-01 10:28:14','0000-00-00 00:00:00',NULL),(275,NULL,275,0,0,62,'hnw1451','2번 댓글','2023-12-01 10:28:18','0000-00-00 00:00:00',NULL),(276,NULL,276,0,0,62,'hnw1451','3번 댓글','2023-12-01 10:28:22','0000-00-00 00:00:00',NULL),(279,NULL,279,0,0,85,'suro','1','2023-12-01 12:56:38','0000-00-00 00:00:00',NULL),(280,NULL,280,0,0,85,'suro','2','2023-12-01 12:56:40','0000-00-00 00:00:00',NULL),(281,NULL,281,0,0,85,'suro','3','2023-12-01 12:56:42','0000-00-00 00:00:00',NULL),(282,NULL,282,0,0,100,'suro','2','2023-12-01 12:57:29','0000-00-00 00:00:00',NULL),(283,NULL,283,0,0,100,'suro','3','2023-12-01 12:57:31','0000-00-00 00:00:00',NULL),(284,250,250,2,1,100,'suro','23232','2023-12-01 13:34:47','0000-00-00 00:00:00',NULL),(285,284,250,3,2,100,'suro','4545454','2023-12-01 13:34:47','0000-00-00 00:00:00',NULL),(286,NULL,286,0,0,90,'suro','1','2023-12-01 12:57:58','0000-00-00 00:00:00',NULL),(287,286,286,3,1,90,'suro','2','2023-12-01 13:02:51','0000-00-00 00:00:00',NULL),(288,287,286,4,2,90,'suro','3','2023-12-01 13:02:51','0000-00-00 00:00:00',NULL),(289,NULL,289,0,0,90,'suro','4','2023-12-01 12:58:06','0000-00-00 00:00:00',NULL),(290,286,286,1,1,90,'suro','5','2023-12-01 05:02:51','0000-00-00 00:00:00',NULL),(291,NULL,291,0,0,88,'suro','^^','2023-12-01 13:04:11','0000-00-00 00:00:00',NULL),(292,NULL,292,0,0,88,'suro','34234','2023-12-01 13:04:12','0000-00-00 00:00:00',NULL),(293,NULL,293,0,0,30,'suro','1','2023-12-01 13:11:16','0000-00-00 00:00:00',NULL),(294,NULL,294,0,0,30,'suro','2','2023-12-01 13:11:18','0000-00-00 00:00:00',NULL),(295,NULL,295,0,0,84,'suro','1','2023-12-01 13:19:18','0000-00-00 00:00:00',NULL),(296,NULL,296,0,0,84,'suro','2','2023-12-01 13:19:19','0000-00-00 00:00:00',NULL),(297,NULL,297,0,0,84,'suro','3','2023-12-01 13:19:21','0000-00-00 00:00:00',NULL),(298,NULL,298,0,0,84,'suro','4','2023-12-01 13:19:22','0000-00-00 00:00:00',NULL),(299,NULL,299,0,0,84,'suro','5','2023-12-01 13:19:23','0000-00-00 00:00:00',NULL),(300,NULL,300,0,0,84,'suro','6','2023-12-01 13:19:24','0000-00-00 00:00:00',NULL),(301,250,250,1,1,100,'suro','ㄹ호','2023-12-01 05:34:47','0000-00-00 00:00:00',NULL),(302,NULL,302,0,0,62,'suro','4번댓글','2023-12-01 13:43:16','0000-00-00 00:00:00',NULL),(303,274,274,1,1,62,'suro','1-1','2023-12-01 05:49:14','0000-00-00 00:00:00',NULL),(304,276,276,1,1,62,'suro','3-1','2023-12-01 05:51:02','0000-00-00 00:00:00',NULL),(305,NULL,305,0,0,86,'suro','1번','2023-12-01 14:03:03','0000-00-00 00:00:00',NULL),(306,NULL,306,0,0,86,'suro','2번\r\n','2023-12-01 14:03:09','0000-00-00 00:00:00',NULL),(307,305,305,1,1,86,'suro','1-1 번','2023-12-01 06:03:17','0000-00-00 00:00:00',NULL),(308,NULL,308,0,0,86,'suro','3','2023-12-01 14:12:12','0000-00-00 00:00:00',NULL),(309,308,308,1,1,86,'suro','3-1','2023-12-01 06:12:18','0000-00-00 00:00:00',NULL),(310,NULL,310,0,0,87,'suro','1','2023-12-01 06:13:40','0000-00-00 00:00:00',NULL),(311,310,310,2,1,87,'suro','12','2023-12-01 06:13:42','0000-00-00 00:00:00',NULL),(312,311,310,3,2,87,'suro','123','2023-12-01 06:13:48','0000-00-00 00:00:00',NULL),(313,310,310,1,1,87,'suro','13','2023-12-01 06:13:55','0000-00-00 00:00:00',NULL),(314,NULL,314,0,0,87,'suro','2','2023-12-01 06:13:57','0000-00-00 00:00:00',NULL),(315,NULL,315,0,0,83,'suro','ㅋㅋㅋㅋㅋㅋㅋㅋㅋ','2023-12-01 06:15:42','0000-00-00 00:00:00',NULL),(316,315,315,2,1,83,'suro','웃지마라','2023-12-01 06:15:47','0000-00-00 00:00:00',NULL),(317,315,315,1,1,83,'suro','울어라 그냥','2023-12-01 06:15:59','0000-00-00 00:00:00',NULL),(318,NULL,318,0,0,83,'suro','ㅎㅎㅎㅎㅎㅎㅎㅎㅎㅎ','2023-12-01 06:16:02','0000-00-00 00:00:00',NULL),(319,NULL,319,0,0,83,'suro','ㅅㅅㅅㅅㅅㅅㅅㅅㅅㅅ','2023-12-01 06:35:56','0000-00-00 00:00:00',NULL),(320,316,315,3,2,83,'suro','ㅎㅎㅎㅎ','2023-12-01 07:19:27','0000-00-00 00:00:00',NULL),(321,319,319,1,1,83,'suro','ㅅㅅㅅㅅ2','2023-12-01 07:23:19','0000-00-00 00:00:00',NULL),(322,321,319,2,2,83,'suro','11111111111','2023-12-01 07:23:22','0000-00-00 00:00:00',NULL),(323,NULL,323,0,0,55,'suro','내용 어디감','2023-12-01 07:32:22','0000-00-00 00:00:00',NULL),(324,323,323,4,1,55,'hnw1451','그러게 ㅋㅋ','2023-12-01 07:33:06','0000-00-00 00:00:00',NULL),(325,NULL,325,0,0,55,'hnw1451','심심하다 ㅋㅋ','2023-12-01 07:33:13','2023-12-06 05:01:26',NULL),(326,323,323,1,1,55,'tjdwls3144','딴지 ㄴㄴ','2023-12-01 07:34:02','0000-00-00 00:00:00',NULL),(327,325,325,1,1,55,'tjdwls3144','자셈','2023-12-01 07:34:08','0000-00-00 00:00:00',NULL),(328,NULL,328,0,0,55,'tjdwls3144','부리부리','2023-12-01 07:34:14','0000-00-00 00:00:00',NULL),(329,326,323,2,2,55,'BID','너나 시비걸지마라','2023-12-01 07:35:36','0000-00-00 00:00:00',NULL),(330,324,323,5,2,55,'BID','ㅗ','2023-12-01 07:35:43','0000-00-00 00:00:00',NULL),(331,329,323,3,3,55,'suro','너 조용하셈','2023-12-01 07:43:17','0000-00-00 00:00:00',NULL),(332,NULL,332,0,0,101,'tjdwls3144','ㄴㄴ','2023-12-06 01:31:26','0000-00-00 00:00:00',NULL),(334,NULL,334,0,0,56,'tjdwls3144','ㅇㅇㅇ','2023-12-06 02:16:20','2023-12-06 03:13:16',NULL),(335,334,334,3,1,56,'tjdwls3144','2','2023-12-06 02:16:23','0000-00-00 00:00:00',NULL),(336,335,334,4,2,56,'tjdwls3144','3이라고','2023-12-06 02:16:25','2023-12-06 03:15:23',NULL),(337,334,334,1,1,56,'tjdwls3144','ㅇㅇㅇㅇ','2023-12-06 02:34:04','0000-00-00 00:00:00',NULL),(338,337,334,2,2,56,'tjdwls3144','222','2023-12-06 02:34:09','0000-00-00 00:00:00',NULL),(339,NULL,339,0,0,56,'tjdwls3144','1-1','2023-12-06 02:38:27','0000-00-00 00:00:00',NULL),(340,NULL,340,0,0,56,'tjdwls3144','2222','2023-12-06 02:38:34','0000-00-00 00:00:00',NULL),(341,NULL,341,0,0,56,'tjdwls3144','4343','2023-12-06 02:41:50','0000-00-00 00:00:00',NULL),(342,290,286,2,2,90,'tjdwls3144','ㅇㄴㅁㅇㅁㄴ','2023-12-06 03:15:34','0000-00-00 00:00:00',NULL),(343,NULL,343,0,0,53,'hnw1451','23423','2023-12-06 04:58:50','0000-00-00 00:00:00',NULL),(349,NULL,349,0,0,232,'test','ㅋㅋㅋㅋㅋ','2023-12-08 01:44:49','2023-12-08 01:44:56',NULL),(350,NULL,350,0,0,232,'test','ㅇㅋㅇㅋ','2023-12-08 02:43:41','0000-00-00 00:00:00',NULL),(351,NULL,351,0,0,229,'test','ㅇㅋㅋㅇㅋ','2023-12-08 02:43:47','0000-00-00 00:00:00',NULL),(352,NULL,352,0,0,236,'test','ㅎㅇㅎ','2023-12-08 05:04:33','0000-00-00 00:00:00',NULL),(353,NULL,353,0,0,240,'hnw1451','2','2023-12-11 06:04:33','2023-12-11 06:04:36',NULL),(354,353,353,3,1,240,'hnw1451','3','2023-12-11 06:04:39','0000-00-00 00:00:00',NULL),(355,354,353,5,2,240,'hnw1451','4','2023-12-11 06:04:43','0000-00-00 00:00:00',NULL),(356,355,353,6,3,240,'hnw1451','6','2023-12-11 06:04:46','0000-00-00 00:00:00',NULL),(357,356,353,7,4,240,'hnw1451','7\r\n','2023-12-11 06:05:01','0000-00-00 00:00:00',NULL),(358,353,353,1,1,240,'hnw1451','2-1','2023-12-11 06:05:14','0000-00-00 00:00:00',NULL),(359,358,353,2,2,240,'hnw1451','ㅎㅇㅎㅇ','2023-12-11 06:05:19','0000-00-00 00:00:00',NULL),(360,354,353,4,2,240,'hnw1451','222','2023-12-11 06:05:23','0000-00-00 00:00:00',NULL),(361,NULL,361,0,0,240,'suro','test','2023-12-11 07:40:34','0000-00-00 00:00:00',NULL),(362,NULL,362,0,0,248,'suro','zzzzzzzzzzzzzzzzzzzzzzzzzzzzzzzzzzzzzzzzzzzzzzzzzzzzzzzzzzzzzzzzzzzzzzzzzzzzzzzzzzzzzzzzzzzzzzzzzzzzzzzzzzzzzzzzzzzzzzzzzzzzzzzzzzzzzzzzzzzzzzzzzzzzzzzzzzzzzzzzzzzzzzzzzzzzzzzzzzzzzzzzzzzzzzzzzzzzzzzzzzzzzzzzzzzzzzzzzzzzzzzzzzzzzzzzzzzzzzzzzzzzzzzzzzzzzzzzzzzzzzzzzzzzzzzzzzzzzzzzzzzzzzzzzzzzzzzzzzzzzzzzzzzzzzzzzzzzzzzzzzzzzzzzzzzzzzzzzzzzzzzzzzzzzzzzzzzzzzzzzzzzzzzzzzzzzzzzzzzzzzzzzzzzzzzzzzzzzzzzzzzzzzzzzzzzzzzzzzzzzzzzzzzzzzzzzzzzzzzzzzzzzzzzzzzzzzzzzzzzzzzzzzzzzzzzzzzzzzzzzzzzzzzzzzzzzzzzzzzzzzzzzzzzzzzzzzzzzzzzzzzzzzzzzzzzzzzzzzzzzzzzzzzzzzzzzzzzzzzzzzzzzzzzzzzzzzzzzzzzzzzzzzzzzzzzzzzzzzzzzzzzzzzzzzzzzzzzzzzzzzzzzzzzzzzzzzzzzzzzzzzzzzzzzzzzzzzzzzzzzzzzzzzzzzzzzzzzzzzzzzzzzzzzzzzzzzzzzzzzzzzzzzzzzzzzzzzzzzzzzzzzzzzzzzzzzzzzzzzzzzzzzzzzzzzzzzzzzzzzzzzzzzzzzzzzzzzzzzzzzzzzzzzzzzzzzzzzzzzzzzzzzzzzzzzzzzzzzzzzzzzzzzzzzzzzzzzzzzzzzzzzzzzzzzzzzzzzzzzzzzzzzzzzzzzzzzzzzzzzzzzzzzzzzzzzzzzzzzzzzzzzzzzzzzzzzzzzzzzzzzzzzzzzzzzzzzzzzzzzzzzzzzzzzzzzzzzzzzzzzzzzzzzzzzzzzzzzzzzzzzzzzzzzzzzzzzzzzzzzzzzzzzzzzzzzzzzzzzzzzzzzzzzzzzzzzzzzzzzzzzzzzzzzzzzzzzzzzzzzzzzzzzzzzzzzzzzzzzzzzzzzzzzzzzzzzzzzzzzzzzzzzzzzzzzzzzzzzzzzzzzzzzzzzzzzzzzzzzzzzzzzzzzzzzzzzzzzzzzzzzzzzzzzzzzzzzzzzzzzzzzzzzzzzzzzzzzzzzzzzzzzzzzzzzzzzzzzzzzzzzzzzzzzzzzzzzzzzzzzzzzzzzzzzzzzzzzzzzzzzzzzzzzzzzzzzzzzzzzzzzzzzzzzzzzzzzzzzzzzzzzzzzzzzzzzzzzzzzzzzzzzzzzzzzzzzzzzzzzzzzzzzzzzzzzzzzzzzzzzzzzzzzzzzzzzzzzzzzzzzzzzzzzzzzzzzzzzzzzzzzzzzzzzzzzzzzzzzzzzzzzzzzzzzzzzzzzzzzzzzzzzzzzzzzzzzzzzzzzzzzzzzzzzzzzzzzzzzzzzzzzzzzzzzzzzzzzzzzzzzzzzzzzzzzzzzzzzzzzzzzzzzzzzzzzzzzzzzzzzzzzzzzzzzzzzzzzzzzzzzzzzzzzzzzzzzzzzzzzzzzzzzzzzzzzzzzzzzzzzzzzzzzzzzzzzzzzzzzzzzzzzzzzzzzzzzzzzzzzzzzzzzzzzzzzzzzzzzzzzzzzzzzzzzzzzzzzzzzzzzzzzzzzzzzzzzzzzzzzzzzzzzzzzzzzzzzzzzzzzzzzzzzzzzzzzzzzzzzzzzzzzzzzzzzzzzzzzzzzzzzzzzzzzzzzzzzzzzzzzzzzzzzzzzzzzzzzzzzzzzzzzzz','2023-12-12 05:44:34','0000-00-00 00:00:00',NULL),(363,NULL,363,0,0,246,'suro','http://localhost/posts/free/246\r\nㅋㅋㅋㅋㅋㅋㅋㅋㅋ\r\n\r\n','2023-12-12 05:46:33','2023-12-12 05:46:48',NULL),(365,NULL,365,0,0,342,'hnw1451','ㅋㅋ','2023-12-14 07:11:55','0000-00-00 00:00:00',NULL);

/*Table structure for table `post` */

DROP TABLE IF EXISTS `post`;

CREATE TABLE `post` (
  `post_id` int(11) NOT NULL AUTO_INCREMENT,
  `parent_post_id` int(11) DEFAULT NULL,
  `ref` int(11) DEFAULT NULL,
  `re_step` int(11) DEFAULT 0,
  `re_level` int(11) DEFAULT 0,
  `user_id` varchar(45) DEFAULT NULL,
  `title` varchar(45) DEFAULT NULL,
  `content` text DEFAULT NULL,
  `create_date` timestamp NOT NULL DEFAULT current_timestamp(),
  `update_date` timestamp NOT NULL DEFAULT current_timestamp(),
  `channel_id` int(11) DEFAULT NULL,
  `views` int(11) NOT NULL DEFAULT 0,
  `delete_status` tinyint(1) DEFAULT NULL,
  `thumb` int(11) NOT NULL DEFAULT 0,
  `is_notice` tinyint(1) DEFAULT 0,
  PRIMARY KEY (`post_id`)
) ENGINE=InnoDB AUTO_INCREMENT=370 DEFAULT CHARSET=utf8mb4 COLLATE=utf8mb4_general_ci;

/*Data for the table `post` */

insert  into `post`(`post_id`,`parent_post_id`,`ref`,`re_step`,`re_level`,`user_id`,`title`,`content`,`create_date`,`update_date`,`channel_id`,`views`,`delete_status`,`thumb`,`is_notice`) values (30,NULL,30,0,0,'hnw1451','커피 어디가 맛있나?','<p>스타벅스?</p><p>뺵 다방?</p>','2023-11-28 13:49:20','0000-00-00 00:00:00',4,330,0,17,0),(31,NULL,31,0,0,'tjdwls3144','오늘 날씨 춥더라','<p>현재 온도 영하 12도 ㅋㅋㅋㅋ</p>','2023-11-28 11:44:05','0000-00-00 00:00:00',9,178,0,24,0),(32,NULL,32,0,0,'hnw1451','종합 비타민약 아침에 먹어도됨?','<p>종합 비타민약 아침에 먹어도됨? 속쓰리던데;;</p>','2023-11-28 11:44:12','0000-00-00 00:00:00',15,159,0,10,0),(33,NULL,33,0,0,'admin','인턴에 관하여','<p>인턴은 파리목숨일까…</p>','2023-11-28 11:44:20','0000-00-00 00:00:00',8,34,0,28,0),(34,30,30,1,1,'admin','여기에 올리지마세요 그런거','','2023-11-24 16:53:10','0000-00-00 00:00:00',9,2,NULL,0,0),(35,NULL,35,0,0,'admin','ㅎㅎㅎㅎㅎㅎㅎ','','2023-11-27 13:06:59','0000-00-00 00:00:00',4,58,0,0,0),(36,NULL,36,0,0,'admin','점심 뭐먹냐','','2023-11-28 11:44:32','0000-00-00 00:00:00',4,80,0,27,0),(37,30,30,2,1,'admin','ㅇㅇㅇ','','2023-11-24 08:51:03','0000-00-00 00:00:00',4,1,NULL,0,0),(38,34,30,1,2,'admin','왜요','','2023-11-24 16:52:48','0000-00-00 00:00:00',5,1,NULL,0,0),(39,38,30,1,3,'admin','그냥요','','2023-11-24 08:52:53','0000-00-00 00:00:00',13,0,NULL,0,0),(40,34,30,2,2,'admin','ㅇㅋㅇㅋㅇㅋㅇ','','2023-11-24 08:53:14','0000-00-00 00:00:00',9,1,NULL,0,0),(41,33,33,1,1,'admin','안인터ㅏㄴ','','2023-11-24 17:02:57','0000-00-00 00:00:00',7,3,NULL,0,0),(42,41,33,1,2,'admin','ㅅㄳㄳㄱ','','2023-11-24 17:02:39','0000-00-00 00:00:00',20,1,NULL,0,0),(43,42,33,1,3,'admin','ㅅㅅㅅㅅㅅㅅㅅ','','2023-11-24 17:03:20','0000-00-00 00:00:00',8,1,NULL,0,0),(44,41,33,2,2,'admin','제발','','2023-11-24 09:03:00','0000-00-00 00:00:00',10,0,NULL,0,0),(45,43,33,1,4,'admin','마지막이닷','','2023-11-24 09:03:25','0000-00-00 00:00:00',7,0,NULL,0,0),(46,NULL,46,0,0,'admin','123','<p>123</p>','2023-11-24 17:25:03','0000-00-00 00:00:00',3,0,0,0,0),(47,NULL,47,0,0,'admin','323','<p>2323232</p>','2023-11-24 18:06:58','0000-00-00 00:00:00',11,60,0,0,1),(48,NULL,48,0,0,'hnw1451','zzzz','<p>zzz</p>','2023-11-27 13:49:12','0000-00-00 00:00:00',17,1,0,0,0),(49,NULL,49,0,0,'admin','공지사항 글','','2023-11-24 17:32:35','0000-00-00 00:00:00',18,10,0,0,1),(50,NULL,50,0,0,'hnw1451','gggg','<p>gggg</p>','2023-11-27 09:03:16','0000-00-00 00:00:00',5,0,0,0,0),(51,NULL,51,0,0,'hnw1451','할일목록','','2023-11-28 13:30:04','0000-00-00 00:00:00',19,7,0,38,0),(52,NULL,52,0,0,'hnw1451','머스탱은 예쁜쓰레기다','<p>ㄹㅇㄹㅇ</p>','2023-11-28 13:30:09','0000-00-00 00:00:00',0,16,1,35,0),(53,NULL,53,0,0,'hnw1451','아침운동 vs 저녁운동','','2023-11-28 11:45:27','0000-00-00 00:00:00',10,10,1,12,0),(54,NULL,54,0,0,'hnw1451','투잡 고민 상담','','2023-11-28 13:39:18','0000-00-00 00:00:00',11,5,0,27,0),(55,NULL,55,0,0,'hnw1451','삼성전자는 나의 아이디어를 강탈했다','','2023-11-28 13:51:05','0000-00-00 00:00:00',3,60,0,66,0),(56,NULL,56,0,0,'hnw1451','직장내 괴롭힘 유형','','2023-11-28 13:49:07','0000-00-00 00:00:00',17,87,0,23,0),(57,NULL,57,0,0,'hnw1451','1가구 1주택은 폐지해야함','','2023-11-28 13:39:22','0000-00-00 00:00:00',18,23,0,27,0),(58,NULL,1,0,0,'user1','Test Post 1','Content for post 1','2023-11-28 11:41:57','2023-11-28 11:41:57',20,13,0,5,0),(59,NULL,1,0,0,'user1','Test Post 1','Content for post 1','2023-11-28 13:40:58','2023-11-28 11:42:09',14,13,0,6,0),(60,NULL,1,0,0,'user1','Test Post 1','Content for post 1','2023-11-28 11:42:10','2023-11-28 11:42:10',7,10,0,5,0),(61,NULL,1,0,0,'user1','Test Post 1','Content for post 1','2023-11-28 11:42:10','2023-11-28 11:42:10',8,10,0,5,0),(62,NULL,1,0,0,'user1','Test Post 1','Content for post 1','2023-11-28 13:49:12','2023-11-28 11:42:10',13,123,0,6,0),(63,NULL,1,0,0,'user1','Test Post 1','Content for post 1','2023-11-28 11:42:10','2023-11-28 11:42:10',5,12,0,5,0),(64,NULL,1,0,0,'user1','Test Post 1','Content for post 1','2023-11-28 11:42:10','2023-11-28 11:42:10',15,12,0,5,0),(65,NULL,1,0,0,'user1','Test Post 1','Content for post 1','2023-11-28 11:42:11','2023-11-28 11:42:11',4,10,0,5,0),(66,NULL,1,0,0,'user1','Test Post 1','Content for post 1','2023-11-28 11:42:11','2023-11-28 11:42:11',9,10,0,5,0),(67,NULL,1,0,0,'user1','Test Post 1','Content for post 1','2023-11-28 11:42:11','2023-11-28 11:42:11',11,12,0,5,0),(68,NULL,1,0,0,'user1','Test Post 1','Content for post 1','2023-11-28 11:42:11','2023-11-28 11:42:11',10,10,0,5,0),(69,NULL,1,0,0,'user1','Test Post 1','Content for post 1','2023-11-28 11:42:11','2023-11-28 11:42:11',10,11,0,5,0),(70,NULL,1,0,0,'user1','Test Post 1','Content for post 1','2023-11-28 11:42:11','2023-11-28 11:42:11',4,11,0,5,0),(71,NULL,1,0,0,'user1','Test Post 1','Content for post 1','2023-11-28 11:42:11','2023-11-28 11:42:11',18,10,0,5,0),(72,NULL,1,0,0,'user1','Test Post 1','Content for post 1','2023-11-28 13:30:13','2023-11-28 11:42:12',7,11,0,6,0),(73,NULL,1,0,0,'user1','Test Post 1','Content for post 1','2023-11-28 13:30:57','2023-11-28 11:42:12',12,11,0,6,0),(74,NULL,1,0,0,'user1','Test Post 1','Content for post 1','2023-11-28 11:42:12','2023-11-28 11:42:12',16,11,0,5,0),(75,NULL,1,0,0,'user1','Test Post 1','Content for post 1','2023-11-28 11:42:12','2023-11-28 11:42:12',6,10,0,5,0),(76,NULL,1,0,0,'user1','Test Post 1','Content for post 1','2023-11-28 11:42:12','2023-11-28 11:42:12',12,10,0,5,0),(77,NULL,1,0,0,'user1','Test Post 1','Content for post 1','2023-11-28 11:42:12','2023-11-28 11:42:12',20,10,0,5,0),(78,NULL,1,0,0,'user1','Test Post 1','Content for post 1','2023-11-28 13:39:27','2023-11-28 11:42:13',13,12,0,6,0),(79,NULL,1,0,0,'user1','Test Post 1','Content for post 1','2023-11-28 11:42:13','2023-11-28 11:42:13',19,10,0,5,0),(80,NULL,1,0,0,'user1','Test Post 1','Content for post 1','2023-11-28 13:30:19','2023-11-28 11:42:13',17,11,0,6,0),(81,NULL,1,0,0,'user1','Test Post 1','Content for post 1','2023-11-28 11:42:13','2023-11-28 11:42:13',7,10,0,5,0),(82,NULL,82,0,0,'hnw1451','333','','2023-11-28 13:39:14','0000-00-00 00:00:00',3,4,0,1,0),(83,NULL,1,0,0,'user1','Test Post 1','Content for post 1','2023-11-28 13:42:29','2023-11-28 13:42:29',14,130,0,5,0),(84,NULL,1,0,0,'user1','Test Post 1','Content for post 1','2023-11-28 13:47:45','2023-11-28 13:47:45',13,30,0,6,0),(85,NULL,1,0,0,'user1','Test Post 1','Content for post 1','2023-11-28 13:48:03','2023-11-28 13:48:03',17,19,0,5,0),(86,NULL,86,0,0,'hnw1451','create test','','2023-11-28 13:52:36','0000-00-00 00:00:00',9,25,1,2,0),(87,NULL,87,0,0,'hnw1451','날짜 test','','2023-11-28 14:03:28','0000-00-00 00:00:00',17,25,1,1,0),(88,NULL,88,0,0,'hnw1451','마지막 날짜 테스트','','2023-11-28 14:11:27','2023-11-28 14:11:51',19,16,1,0,0),(89,NULL,89,0,0,'hnw1451','진짜 찐 마지막 날짜 테스트','','2023-11-28 14:12:11','2023-11-28 14:12:11',5,15,1,1,0),(90,NULL,90,0,0,'hnw1451','커피마시자 아들아','','2023-11-28 14:34:58','2023-11-28 14:34:58',20,60,1,1,0),(91,NULL,91,0,0,'hnw1451','','','2023-11-28 14:48:03','2023-11-28 14:48:03',12,3,1,0,0),(92,NULL,92,0,0,'hnw1451','','','2023-11-28 14:57:26','2023-11-28 14:57:26',15,1,1,0,0),(93,NULL,93,0,0,'hnw1451','','','2023-11-28 14:57:56','2023-11-28 14:57:56',20,1,1,0,0),(94,NULL,94,0,0,'hnw1451','','','2023-11-28 14:58:17','2023-11-28 14:58:17',14,6,1,0,0),(95,94,94,1,1,'hnw1451','ㅊㄹ','<p>ㄹㄹㄹㄹ</p>','2023-11-28 07:19:28','2023-11-28 15:19:28',7,0,NULL,0,0),(96,94,94,2,1,'hnw1451','ㅎㅎ','<p>ㅎㅎㅎㅎ</p>','2023-11-28 07:20:23','2023-11-28 15:20:23',10,0,NULL,0,0),(97,NULL,97,0,0,'hnw1451','만나요','<p>ㄹ</p>','2023-11-28 15:23:22','2023-11-28 15:23:22',8,7,1,1,0),(98,NULL,98,0,0,'hnw1451','왜 안돼 이미지','<p>ㅎㅎ</p>','2023-11-29 10:06:32','2023-11-29 10:06:32',6,34,1,1,0),(99,NULL,99,0,0,'hnw1451','에디터 퉤스트','<figure class=\"image\"><img src=\"http://localhost/uploads/20231128132643179.jpg\"></figure><p>&nbsp;</p><p>&nbsp;</p><p>ㅋㅋㅋㅋㅋㅋ</p><p>&nbsp;</p><p>&nbsp;</p>','2023-11-29 10:14:37','2023-11-29 10:14:37',6,81,1,0,0),(100,NULL,100,0,0,'hnw1451','테이블','<figure class=\"table\"><table><tbody><tr><td><figure class=\"image\"><img src=\"http://localhost/uploads/20231101094801271.jpg\"></figure></td><td>ㅅ</td><td>ㅅ</td><td>&nbsp;</td></tr><tr><td>ㅇㅇㅇ</td><td>ㄹㄹ</td><td>ㄹ</td><td>&nbsp;</td></tr><tr><td>ㅇㅇ</td><td>&nbsp;</td><td>&nbsp;</td><td>&nbsp;</td></tr><tr><td>ㅇㅇ</td><td>&nbsp;</td><td>&nbsp;</td><td>&nbsp;</td></tr></tbody></table></figure><blockquote><p>ㅋㅋㅋㅋㅋ</p></blockquote><p>&nbsp;</p><p>&nbsp;</p>','2023-11-29 10:21:21','2023-11-29 10:21:21',10,67,1,1,0),(101,NULL,101,0,0,'hnw1451','중간테스트','<p>ㅎㅎㅎㅎ</p><p>&nbsp;</p><p>&nbsp;</p><figure class=\"image\"><img src=\"http://localhost/uploads/20200908172928.1206982.jpg\"></figure>','2023-11-30 16:52:21','2023-11-30 16:52:21',12,334,1,2,0),(102,101,101,1,1,'hnw1451','ㅋㅋㅋ','<p>ㅋㅋㅋㅋㅋㅋ</p>','2023-11-30 08:52:28','2023-11-30 16:52:28',8,0,NULL,0,0),(103,NULL,103,0,0,'BID','SSSSS','<p>SSSSS</p><p>&nbsp;</p><p>&nbsp;</p><figure class=\"image\"><img src=\"http://localhost/uploads/949fe4c386e73067b767ad3bd7766ad1.jpg\"></figure>','2023-11-30 17:31:43','2023-11-30 17:31:43',18,2,1,0,0),(104,97,97,1,1,'hnw1451','코코코','<p>ㅗㅗㅗㅗ</p>','2023-12-01 02:15:29','2023-12-01 10:15:29',10,0,NULL,0,0),(105,NULL,105,0,0,'admin','12월 공지사항','<p>곧 크리스마스</p>','2023-12-01 15:42:30','2023-12-01 15:42:30',17,14,0,0,1),(106,NULL,106,0,0,'suro','33355','<p>44455</p>','2023-12-06 11:47:35','2023-12-06 11:47:35',12,10,1,0,0),(107,NULL,107,0,0,'suro','sa','<p>sad</p>','2023-12-06 11:48:40','2023-12-06 11:48:40',3,6,1,0,0),(108,NULL,108,0,0,'hnw1451','2323','<p>ㅁㄴㅇㅁ</p>','2023-12-06 12:56:21','2023-12-06 12:56:21',12,3,1,0,0),(109,NULL,109,0,0,'hnw1451','끼룩','<p>123</p>','2023-12-06 12:56:42','2023-12-06 12:56:42',12,2,1,0,0),(110,NULL,110,0,0,'hnw1451','ㅇㅇ','<p>ㅇㅇ</p>','2023-12-06 13:14:09','2023-12-06 13:14:09',20,1,0,0,0),(111,NULL,111,0,0,'hnw1451','업로드 테스트','<blockquote><p>업로드될예정</p></blockquote>','2023-12-06 13:35:29','2023-12-06 13:35:29',9,2,0,0,0),(112,NULL,112,0,0,'hnw1451','ㅇㅀㅇㅀ','<p>ㅇㅀㅇㅀ</p>','2023-12-06 13:37:09','2023-12-06 13:37:09',17,7,0,0,0),(113,NULL,113,0,0,'hnw1451','aa','<p>aa</p>','2023-12-06 14:12:53','2023-12-06 14:12:53',20,7,0,0,0),(114,NULL,114,0,0,'hnw1451','232','<p>3</p>','2023-12-06 14:16:04','2023-12-06 14:16:04',9,2,0,0,0),(115,NULL,115,0,0,'hnw1451','ㅎ','<p>ㅎ</p>','2023-12-06 14:21:52','2023-12-06 14:21:52',4,1,0,0,0),(116,NULL,116,0,0,'hnw1451','test','<p>aa</p>','2023-12-06 14:22:16','2023-12-06 14:22:16',6,2,0,0,0),(117,NULL,117,0,0,'hnw1451','11','<p>123</p>','2023-12-06 14:25:20','2023-12-06 14:25:20',15,2,0,0,0),(118,NULL,118,0,0,'hnw1451','124','<p>2324</p>','2023-12-06 14:25:28','2023-12-06 14:25:28',3,1,0,0,0),(119,NULL,119,0,0,'hnw1451','업로드 테스트','<p>ㅇㅇ</p>','2023-12-06 14:26:12','2023-12-06 14:26:12',18,2,0,0,0),(120,NULL,120,0,0,'hnw1451','ㅁㄴㅇ','<p>ㅁㄴㅇ</p>','2023-12-06 14:26:29','2023-12-06 14:26:29',4,0,0,0,0),(121,NULL,121,0,0,'hnw1451','ㅁㄴㅇ','<p>ㅁㄴㅇ</p>','2023-12-06 14:26:39','2023-12-06 14:26:39',9,0,0,0,0),(122,NULL,122,0,0,'hnw1451','ㄴㅁㅇ','<p>ㅁㄴㅇㅁㄴㅇ</p>','2023-12-06 14:27:00','2023-12-06 14:27:00',6,1,0,0,0),(123,NULL,123,0,0,'hnw1451','33333','<p>3333</p>','2023-12-06 14:27:41','2023-12-06 14:27:41',18,2,0,0,0),(124,NULL,124,0,0,'hnw1451','ㄹ홇','<p>홀호</p>','2023-12-06 14:28:08','2023-12-06 14:28:08',17,0,0,0,0),(125,NULL,125,0,0,'hnw1451','ㅇㄴㅁㅇ','<p>ㅁㄴㅇ</p>','2023-12-06 14:28:28','2023-12-06 14:28:28',11,0,0,0,0),(126,NULL,126,0,0,'hnw1451','ㅇㄴㄹ','<p>ㅇㄴㄹㅇㄴㄹㄹ</p>','2023-12-06 14:29:04','2023-12-06 14:29:04',18,0,0,0,0),(127,NULL,127,0,0,'hnw1451','ㄴㅇㅎㄴㅇ','<p>ㄹㅇㄴ</p>','2023-12-06 14:30:28','2023-12-06 14:30:28',3,0,0,0,0),(128,NULL,128,0,0,'hnw1451','ㅓㅓㅓㅓㅓㅓ','<p>ㅀㄹㄹ</p>','2023-12-06 14:32:23','2023-12-06 14:32:23',10,0,0,0,0),(129,NULL,129,0,0,'hnw1451','ㅀㅀ','<p>ㄹ호ㅗㅀ</p>','2023-12-06 14:37:11','2023-12-06 14:37:11',19,0,0,0,0),(130,NULL,130,0,0,'hnw1451','345345','<p>43534534</p>','2023-12-06 14:37:20','2023-12-06 14:37:20',11,1,0,0,0),(131,NULL,131,0,0,'hnw1451','ㄴㅇ','<p>ㄴㅁㅇㅁ</p>','2023-12-06 14:40:15','2023-12-06 14:40:15',11,0,0,0,0),(132,NULL,132,0,0,'hnw1451','ㅁㄴㅇㅁㄴㅇ','<p>ㅁㄴㅇ</p>','2023-12-06 14:43:24','2023-12-06 14:43:24',4,0,0,0,0),(133,NULL,133,0,0,'hnw1451','21321','<p>31</p>','2023-12-06 14:46:49','2023-12-06 14:46:49',20,0,0,0,0),(134,NULL,134,0,0,'hnw1451','21321','<p>ㄴㅇㄴ</p>','2023-12-06 14:47:07','2023-12-06 14:47:07',13,0,0,0,0),(135,NULL,135,0,0,'hnw1451','21321','<p>ㄴㅇㄴ</p>','2023-12-06 14:48:13','2023-12-06 14:48:13',3,0,0,0,0),(136,NULL,136,0,0,'hnw1451','머스탱은 속도광이다.','<p>ㅁㄴㅇ</p>','2023-12-06 14:48:21','2023-12-06 14:48:21',7,6,0,0,0),(137,NULL,137,0,0,'hnw1451','ㅁㄴㅇ','<p>ㅁㄴㅇㄴㅁㅇ</p>','2023-12-06 14:48:32','2023-12-06 14:48:32',9,0,0,0,0),(138,NULL,138,0,0,'hnw1451','ㅁㄴㅇ','<p>ㅁㄴㅇ</p>','2023-12-06 14:48:43','2023-12-06 14:48:43',19,0,0,0,0),(139,NULL,139,0,0,'hnw1451','ㅁㄴㅇ','<p>ㅁㄴㅇㄴㅁㅇ</p>','2023-12-06 14:48:54','2023-12-06 14:48:54',10,0,0,0,0),(140,NULL,140,0,0,'hnw1451','ㅁㄴㅇ','<p>ㅁㄴㅇㄴㅁㅇ</p>','2023-12-06 14:50:12','2023-12-06 14:50:12',12,0,0,0,0),(141,NULL,141,0,0,'hnw1451','ㅎ럴허','<p>호ㅓ</p>','2023-12-06 14:50:20','2023-12-06 14:50:20',6,0,0,0,0),(142,NULL,142,0,0,'hnw1451','ㅎ럴허','<p>호ㅓ</p>','2023-12-06 14:52:31','2023-12-06 14:52:31',12,0,0,0,0),(143,NULL,143,0,0,'hnw1451','ㅎ럴허','<p>ㅗㅓㅏㅣ</p>','2023-12-06 14:52:38','2023-12-06 14:52:38',19,0,0,0,0),(144,NULL,144,0,0,'hnw1451','ㅎ럴허','<p>ㅗㅓㅏㅣ</p>','2023-12-06 14:52:40','2023-12-06 14:52:40',4,0,0,0,0),(145,NULL,145,0,0,'hnw1451','ㅎ럴허','<p>ㅗㅓㅏㅣ</p>','2023-12-06 14:52:41','2023-12-06 14:52:41',15,0,0,0,0),(146,NULL,146,0,0,'hnw1451','ㅎ럴허','<p>ㅗㅓㅏㅣ</p>','2023-12-06 14:53:07','2023-12-06 14:53:07',6,0,0,0,0),(147,NULL,147,0,0,'hnw1451','ㅎ럴허','<p>ㄹ홇</p>','2023-12-06 14:53:16','2023-12-06 14:53:16',18,0,0,0,0),(148,NULL,148,0,0,'hnw1451','ㅎ럴허','<p>ㄹ호오</p>','2023-12-06 14:53:19','2023-12-06 14:53:19',15,1,0,0,0),(149,NULL,149,0,0,'hnw1451','ㅎ럴허','<p>ㄹ호오</p>','2023-12-06 14:54:40','2023-12-06 14:54:40',17,0,0,0,0),(150,NULL,150,0,0,'hnw1451','ㅎ럴허','<p>ㅗㅓㅏㅣㅗㅓㅏㅣ</p>','2023-12-06 14:54:50','2023-12-06 14:54:50',4,0,0,0,0),(151,NULL,151,0,0,'hnw1451','ㅎ럴허','<p>ㅋㅋㅋㅋ</p>','2023-12-06 14:55:46','2023-12-06 14:55:46',19,0,0,0,0),(152,NULL,152,0,0,'hnw1451','머스탱은 기본자세가 된 사람이다.','<p>ㅋㅋㅋㅋ</p>','2023-12-06 14:59:18','2023-12-06 14:59:18',7,2,0,0,0),(153,NULL,153,0,0,'hnw1451','ㅎ럴허','<p>ㅗㅓㅏ</p>','2023-12-06 14:59:21','2023-12-06 14:59:21',15,0,0,0,0),(154,NULL,154,0,0,'hnw1451','ㅎ럴허','<p>ㅗㅓㅏ</p>','2023-12-06 14:59:50','2023-12-06 14:59:50',13,0,0,0,0),(155,NULL,155,0,0,'hnw1451','ㅎ럴허','<p>호호ㅓ</p>','2023-12-06 14:59:55','2023-12-06 14:59:55',16,0,0,0,0),(156,NULL,156,0,0,'hnw1451','ㅎ럴허','<p>호호ㅓ</p>','2023-12-06 14:59:59','2023-12-06 14:59:59',6,0,0,0,0),(157,NULL,157,0,0,'hnw1451','ㅁㄴㅇ','<p>ㅁㄴㅇ</p>','2023-12-06 15:00:08','2023-12-06 15:00:08',15,0,0,0,0),(158,NULL,158,0,0,'hnw1451','호','<p>러ㅗㅎ</p>','2023-12-06 15:01:29','2023-12-06 15:01:29',17,0,0,0,0),(159,NULL,159,0,0,'hnw1451','호','<p>러ㅗㅎ</p>','2023-12-06 15:02:00','2023-12-06 15:02:00',4,0,0,0,0),(160,NULL,160,0,0,'hnw1451','호','<p>러ㅗㅎ</p>','2023-12-06 15:02:37','2023-12-06 15:02:37',18,0,0,0,0),(161,NULL,161,0,0,'hnw1451','호','<p>호ㅓ</p>','2023-12-06 15:02:44','2023-12-06 15:02:44',6,0,0,0,0),(162,NULL,162,0,0,'hnw1451','ㅗㅎ','<p>ㄹ허</p>','2023-12-06 15:02:56','2023-12-06 15:02:56',8,1,1,0,0),(163,NULL,163,0,0,'hnw1451','ㅗㅎ','<p>ㄹ허</p>','2023-12-06 15:03:36','2023-12-06 15:03:36',3,0,0,0,0),(164,NULL,164,0,0,'hnw1451','머스탱은 머스탱이다.','<p>3123123</p>','2023-12-06 15:04:02','2023-12-06 15:04:02',7,5,0,0,0),(165,NULL,165,0,0,'hnw1451','12312','<p>3123123</p>','2023-12-06 15:04:31','2023-12-06 15:04:31',3,0,0,0,0),(166,NULL,166,0,0,'hnw1451','12312','<p>hjkhj</p>','2023-12-06 15:04:34','2023-12-06 15:04:34',12,0,0,0,0),(167,NULL,167,0,0,'hnw1451','12312','<p>hjkhj</p>','2023-12-06 15:04:36','2023-12-06 15:04:36',12,0,0,0,0),(168,NULL,168,0,0,'hnw1451','fghf','<p>ghgfh</p>','2023-12-06 15:04:42','2023-12-06 15:04:42',4,0,0,0,0),(169,NULL,169,0,0,'hnw1451','fghf','<p>ghgfh</p>','2023-12-06 15:05:09','2023-12-06 15:05:09',16,21,0,0,0),(170,NULL,170,0,0,'hnw1451','hjkhjk','<p>hjkh</p>','2023-12-06 15:05:23','2023-12-06 15:05:23',12,0,0,0,0),(171,NULL,171,0,0,'hnw1451','dfg','<p>sdfgdf</p>','2023-12-06 15:05:43','2023-12-06 15:05:43',9,0,0,0,0),(172,NULL,172,0,0,'hnw1451','ㄴㅁㅇㅁㄴ','<p>ㅇㅁㄴ</p>','2023-12-06 15:06:41','2023-12-06 15:06:41',5,19,0,0,0),(173,NULL,173,0,0,'hnw1451','호ㅓ','<p>호ㅓ</p>','2023-12-06 15:17:42','2023-12-06 15:17:42',15,46,0,0,0),(174,NULL,174,0,0,'hnw1451','업로드테스트','<p>ㅇㅇ</p>','2023-12-06 15:29:35','2023-12-06 15:29:35',19,1,0,0,0),(175,NULL,175,0,0,'hnw1451','ㅇㅀㅇㄹ','<p>ㅎㅇㅀ</p>','2023-12-06 15:34:03','2023-12-06 15:34:03',15,3,0,0,0),(176,NULL,176,0,0,'hnw1451','다중','<p>ㅇㅇㅇ</p>','2023-12-06 15:34:27','2023-12-06 15:34:27',12,4,0,0,0),(177,NULL,177,0,0,'hnw1451','ㄹ호','<p>ㅗㅀ</p>','2023-12-06 15:43:56','2023-12-06 15:43:56',14,0,0,0,0),(178,NULL,178,0,0,'hnw1451','ㄹ호','<p>ㅗㅀ</p>','2023-12-06 15:46:24','2023-12-06 15:46:24',15,0,0,0,0),(179,NULL,179,0,0,'hnw1451','ㅁㄴㅇㅁ','<p>ㄴㅇㄴㅁㅇ</p>','2023-12-06 15:46:39','2023-12-06 15:46:39',13,2,0,0,0),(180,NULL,180,0,0,'hnw1451','ㅁㄴㅇ','<p>ㅁㅇ</p>','2023-12-06 15:49:28','2023-12-06 15:49:28',18,0,0,0,0),(181,NULL,181,0,0,'hnw1451','ㅁㄴㅇ','<p>ㅁㄴㅇ</p>','2023-12-06 15:51:22','2023-12-06 15:51:22',13,1,0,0,0),(182,NULL,182,0,0,'hnw1451','머스탱은 사치다','<p>ㅁㄴㅇ</p>','2023-12-06 16:54:49','2023-12-06 16:54:49',7,4,0,0,0),(183,NULL,183,0,0,'hnw1451','ㅁㄴㅇ','<p>ㄹ옿ㄹ</p>','2023-12-06 16:57:31','2023-12-06 16:57:31',11,0,0,0,0),(184,NULL,184,0,0,'hnw1451','ㅁㄴㅇ','<p>ㄹ옿ㄹ</p>','2023-12-06 16:57:45','2023-12-06 16:57:45',12,0,0,0,0),(185,NULL,185,0,0,'hnw1451','지금 머스탱 시승중임 ㅋㅋㅋㅋ','<figure class=\"image\"><img style=\"aspect-ratio:259/194;\" src=\"http://localhost/uploads/sis_1702454817.jpg\" width=\"259\" height=\"194\"><figcaption>어떰 ㅋㅋㅋㅋ</figcaption></figure>','2023-12-06 16:57:48','2023-12-06 16:57:48',8,6,0,0,0),(186,NULL,186,0,0,'hnw1451','ㅁㄴㅇㅁㄴㅇ','<p>ㅁㄴㅇ</p>','2023-12-06 16:58:36','2023-12-06 16:58:36',20,0,0,0,0),(187,NULL,187,0,0,'hnw1451','ㅁㄴㅇㅁㄴㅇ','<p>ㅁㄴㅇ</p>','2023-12-06 16:58:39','2023-12-06 16:58:39',17,7,0,0,0),(188,NULL,188,0,0,'hnw1451','오늘자 머스탱 시승중','<p>ㅇㄷ</p>','2023-12-06 17:24:21','2023-12-06 17:24:21',8,2,0,0,0),(189,NULL,189,0,0,'hnw1451','1232','<p>34234234</p>','2023-12-06 17:24:27','2023-12-06 17:24:27',20,0,0,0,0),(190,NULL,190,0,0,'hnw1451','123','<p>123123</p>','2023-12-06 17:24:44','2023-12-06 17:24:44',4,1,0,0,0),(191,NULL,191,0,0,'hnw1451','123','<p>1244</p>','2023-12-06 17:24:55','2023-12-06 17:24:55',11,1,0,0,0),(192,NULL,192,0,0,'hnw1451','ㅁㄴㅇㅁ','<p>ㄴㅇ</p>','2023-12-06 17:32:15','2023-12-06 17:32:15',3,2,0,0,0),(193,NULL,193,0,0,'hnw1451','12312','<p>3213</p>','2023-12-06 17:32:25','2023-12-06 17:32:25',17,5,0,0,0),(194,NULL,194,0,0,'hnw1451','ㅁㄴㅇㅁㄴㅇ','<p>22222</p>','2023-12-06 17:32:59','2023-12-06 17:32:59',19,1,0,0,0),(195,NULL,195,0,0,'hnw1451','ㅁㄴㅇㅁㄴㅇ','<p>22222</p>','2023-12-06 17:36:31','2023-12-06 17:36:31',4,2,0,0,0),(196,NULL,196,0,0,'hnw1451','3444','<p>4444</p>','2023-12-06 17:36:39','2023-12-06 17:36:39',14,0,0,0,0),(197,NULL,197,0,0,'hnw1451','3444','<p>4444</p>','2023-12-06 17:36:46','2023-12-06 17:36:46',20,2,0,0,0),(198,NULL,198,0,0,'hnw1451','ㅅㄷㄴㅅ','<p>ㄴㅁㅇ</p>','2023-12-06 17:37:32','2023-12-06 17:37:32',18,1,0,0,0),(199,NULL,199,0,0,'hnw1451','12312321','<p>321313</p>','2023-12-06 17:37:59','2023-12-06 17:37:59',13,2,0,0,0),(200,NULL,200,0,0,'hnw1451','555555','<p>5555</p>','2023-12-06 17:38:29','2023-12-06 17:38:29',6,5,0,0,0),(201,NULL,201,0,0,'hnw1451','444','<p>44444</p>','2023-12-06 17:45:22','2023-12-06 17:45:22',9,1,0,0,0),(202,NULL,202,0,0,'hnw1451','db 테이블','<p>232</p>','2023-12-06 17:46:12','2023-12-06 17:46:12',6,4,0,0,0),(203,NULL,203,0,0,'hnw1451','123213','<p>213123</p>','2023-12-06 17:47:26','2023-12-06 17:47:26',17,3,0,0,0),(204,NULL,204,0,0,'hnw1451','ㅇㄹㄴㅇㄹ','','2023-12-06 17:48:49','2023-12-06 17:48:49',13,19,0,0,0),(205,NULL,205,0,0,'hnw1451','ㅀ','<p>ㅇㅀㅇㅀ</p>','2023-12-06 17:49:20','2023-12-06 17:49:20',11,0,0,0,0),(206,NULL,206,0,0,'hnw1451','ㅀㄴㅇㄹ','<p>ㄴㅇㄹ</p>','2023-12-06 17:51:36','2023-12-06 17:51:36',15,0,0,0,0),(207,NULL,207,0,0,'hnw1451','ㅅㅅㅅ','<p>ㅅㅅㅅㅅㅅ</p>','2023-12-06 17:51:48','2023-12-06 17:51:48',20,4,0,0,0),(208,NULL,208,0,0,'hnw1451','ㅇ','<p>ㅇㅇ</p>','2023-12-06 17:58:45','2023-12-06 17:58:45',15,64,0,1,0),(209,NULL,209,0,0,'tjdwls3144','업로드 3개','<p>ㅇㅇ</p>','2023-12-07 08:46:05','2023-12-07 08:46:05',12,76,0,1,0),(210,NULL,210,0,0,'tjdwls3144','db txt 만','<p>ㅋㅋㅋㅋ</p>','2023-12-07 09:30:08','2023-12-07 09:30:08',15,24,0,0,0),(211,NULL,211,0,0,'tjdwls3144','수정테스ㅡ2314','<p>ㅇㅇ324234</p>','2023-12-07 12:46:11','2023-12-07 12:46:11',18,32,0,0,0),(212,NULL,212,0,0,'tjdwls3144','머스탱은 5.0 이다. 반박시 니 말 맞음','<p>ㅋㅋㅋㅋㅋㅋㅋ</p>','2023-12-07 13:06:06','2023-12-07 13:06:06',7,18,0,1,0),(213,NULL,213,0,0,'tjdwls3144','파일업로드 테스트','<p>ㅇㅇㅇㅇ헤헤</p><p>&nbsp;</p><p>&nbsp;</p><p>&nbsp;</p>','2023-12-07 13:12:16','2023-12-07 13:12:16',14,11,0,0,0),(214,NULL,214,0,0,'tjdwls3144','한글','<p>ㅇㄴㅁ</p>','2023-12-07 14:30:29','2023-12-07 14:30:29',10,4,0,0,0),(215,NULL,215,0,0,'tjdwls3144','시승해봤어요? 2.3 말이야','<p>ㄹㄹ</p>','2023-12-07 14:31:57','2023-12-07 14:31:57',8,6,0,0,0),(216,NULL,216,0,0,'tjdwls3144','로드 테스트','<p>21</p>','2023-12-07 14:41:38','2023-12-07 14:41:38',4,19,1,0,0),(217,NULL,217,0,0,'tjdwls3144','ㄴㅇㅇㄴ','<p>ㄴㅁㅇㄴㅁㅇ</p>','2023-12-07 15:02:59','2023-12-07 15:02:59',14,22,0,0,0),(218,NULL,218,0,0,'tjdwls3144','업로드 테스트 1213','<p>ㄴㅁㅇㄴㅁ</p>','2023-12-07 16:49:30','2023-12-07 16:49:30',20,1,0,0,0),(219,NULL,219,0,0,'tjdwls3144','업로드테스트','<p>ㅁㄴㅇㅁㄴㅇ</p>','2023-12-07 16:49:45','2023-12-07 16:49:45',17,22,0,0,0),(220,NULL,220,0,0,'hnw1451','OKEMS','<figure class=\"image\"><img src=\"http://localhost/uploads/okems_1701993489.png\"></figure>','2023-12-08 08:58:17','2023-12-08 08:58:17',5,2,0,0,0),(221,NULL,221,0,0,'hnw1451','DSFSDF','<p>ASD<strong>ASDASDAS</strong><i><strong>ASDAS</strong></i></p><figure class=\"table\"><table><tbody><tr><td>&nbsp;</td><td>&nbsp;</td><td>&nbsp;</td><td>&nbsp;</td></tr><tr><td>&nbsp;</td><td>&nbsp;</td><td>&nbsp;</td><td>&nbsp;</td></tr><tr><td>&nbsp;</td><td>&nbsp;</td><td>&nbsp;</td><td>&nbsp;</td></tr><tr><td>&nbsp;</td><td>&nbsp;</td><td>&nbsp;</td><td>&nbsp;</td></tr><tr><td>&nbsp;</td><td>&nbsp;</td><td>&nbsp;</td><td>&nbsp;</td></tr><tr><td>&nbsp;</td><td>&nbsp;</td><td>&nbsp;</td><td>&nbsp;</td></tr><tr><td>&nbsp;</td><td>&nbsp;</td><td>&nbsp;</td><td>&nbsp;</td></tr><tr><td>&nbsp;</td><td>&nbsp;</td><td>&nbsp;</td><td>&nbsp;</td></tr><tr><td>&nbsp;</td><td>&nbsp;</td><td>&nbsp;</td><td>&nbsp;</td></tr><tr><td>&nbsp;</td><td>&nbsp;</td><td>&nbsp;</td><td>&nbsp;</td></tr></tbody></table></figure>','2023-12-08 08:58:43','2023-12-08 08:58:43',6,3,0,0,0),(222,NULL,222,0,0,'hnw1451','ASDASDAS','<p>DASDASDASDASDASDAS<a href=\"ASDAS\">ASDAS</a></p>','2023-12-08 09:00:07','2023-12-08 09:00:07',15,2,0,0,0),(223,NULL,223,0,0,'hnw1451','ASDASDASDASDAS','<blockquote><p>ㅁㄴㄴㄴㄴㄴㄴ</p></blockquote>','2023-12-08 09:01:04','2023-12-08 09:01:04',18,3,0,0,0),(224,NULL,224,0,0,'hnw1451','머스탱은 내연기관이다.','<p><strong>11111111</strong></p><blockquote><p><strong>ㅁㄴㅇㅁㄴㅇㅁㄴㅇ</strong></p><p><strong>ㅁㄴㅇㅁㄴㅇㄴㅁ</strong></p></blockquote><p>&nbsp;</p><p><i><strong>ㄴㅁㅇㅁㄴㅇㅁㄴㅇㅁㄴ</strong></i></p>','2023-12-08 09:03:23','2023-12-08 09:03:23',0,8,1,0,0),(225,NULL,225,0,0,'hnw1451','ㅇㅇㅇ','<figure class=\"table\"><table><tbody><tr><td>1</td><td>2</td><td>3</td><td>4</td><td>ㅌ</td><td>5</td></tr><tr><td>ㅋ</td><td>ㅎㅇ</td><td>ㅎㅇ</td><td>ㅌ</td><td>ㅌ</td><td>ㅌ</td></tr><tr><td>ㅋ</td><td>ㅎㅇ</td><td>ㅎㅇ</td><td>ㅌ</td><td>ㅌㅌ</td><td>ㅌ</td></tr><tr><td>ㅋ</td><td>ㅎㅇ</td><td>ㅎㅇ</td><td>ㅌ</td><td>ㅌ</td><td>ㅌ</td></tr><tr><td>ㅋ</td><td>ㅎㅇ</td><td>ㅇㅎ</td><td>ㅌ</td><td>ㅌㅌ</td><td>ㅌ</td></tr><tr><td>ㅋ</td><td>ㅎㅇ</td><td>ㅇㅎ</td><td>ㅌ</td><td>ㅌ</td><td>ㅌ</td></tr></tbody></table></figure>','2023-12-08 09:04:40','2023-12-08 09:04:40',14,6,0,0,0),(226,NULL,226,0,0,'hnw1451','ㅇ','<p>ㅇ</p>','2023-12-08 09:15:32','2023-12-08 09:15:32',11,0,0,0,0),(227,NULL,227,0,0,'hnw1451','ㅇㅇ','<p>ㅇ</p>','2023-12-08 09:15:35','2023-12-08 09:15:35',11,0,0,0,0),(228,NULL,228,0,0,'hnw1451','ㅇㅇ','<p>ㄹ</p>','2023-12-08 09:15:50','2023-12-08 09:15:50',17,0,0,0,0),(229,NULL,229,0,0,'hnw1451','ㅇㅇ','<p>fd</p>','2023-12-08 09:16:41','2023-12-08 09:16:41',15,5,0,0,0),(230,NULL,230,0,0,'hnw1451','fdg','<p>ghj</p>','2023-12-08 09:19:36','2023-12-08 09:19:36',4,2,0,0,0),(231,NULL,231,0,0,'hnw1451','머스탱 시승하는중인데 승차감 ㄹㅈㄷ','<p>&nbsp;</p><figure class=\"image\"><img style=\"aspect-ratio:2560/1440;\" src=\"http://localhost/uploads/peakpx_1702454963.jpg\" width=\"2560\" height=\"1440\"></figure><p>&nbsp;</p><p>&nbsp;</p><p>내가 다 따라잡는중 ㄹㅇㄹㅇ</p><p>&nbsp;</p>','2023-12-08 09:27:05','2023-12-08 09:27:05',8,6,0,0,0),(232,NULL,232,0,0,'hnw1451','ㅌㅌㅌㅌ','<p>ㅌㅌㅌㅌ</p>','2023-12-08 09:27:21','2023-12-08 09:27:21',8,9,0,0,0),(233,NULL,233,0,0,'test','안녕하세요 가입인사드립니다.','<p>ㅎㅎㅎㅎ</p>','2023-12-08 09:36:54','2023-12-08 09:36:54',12,2,0,0,0),(234,NULL,234,0,0,'test','내가 쓴 글 1','<p>ㅋㅋ</p>','2023-12-08 09:45:40','2023-12-08 09:45:40',16,2,0,0,0),(235,NULL,235,0,0,'test','내가 쓴글은 왜 안사라지냐','<p>ㅋㅋㅋ</p>','2023-12-08 10:15:31','2023-12-08 10:15:31',7,4,0,0,0),(236,NULL,236,0,0,'test','수정하자','<p>ㅇㅇ</p>','2023-12-08 10:43:29','2023-12-08 10:43:29',18,44,0,1,0),(237,NULL,237,0,0,'test','ㅋㅋㅋㅋㅋㅋㅋㅋㅋㅋㅋㅋㅋㅋㅋㅋ','<p>ㅋㅋㅋㅋㅋㅋㅋㅋㅋㅋㅋㅋㅋㅋㅋㅋㅋㅋㅋㅋㅋㅗㅓㅏㅗㅓㅏ</p>','2023-12-08 12:59:24','2023-12-08 12:59:24',14,5,1,1,0),(238,237,237,1,1,'test','ㅇㅋㅇㅋㅇ','<p>ㅋㅇㅋㅇㅋ</p>','2023-12-08 05:00:39','2023-12-08 13:00:39',12,0,NULL,0,0),(239,NULL,239,0,0,'hnw1451','5555555555555555555','<p>55555</p>','2023-12-11 09:03:18','2023-12-11 09:03:18',18,2,0,0,0),(240,NULL,240,0,0,'hnw1451','11213123','<p>12312</p>','2023-12-11 09:03:45','2023-12-11 09:03:45',13,37,0,2,0),(241,NULL,241,0,0,'suro','머스탱은 멋쟁이 이다.','<p>test</p>','2023-12-11 15:42:11','2023-12-11 15:42:11',0,18,1,0,0),(242,NULL,242,0,0,'suro','오케이',NULL,'2023-12-11 17:31:48','2023-12-11 17:31:48',15,18,0,0,0),(243,NULL,243,0,0,'suro','ㅇㅀㅇㄹㅓㅏㅣ','<p>ㅏㅓㅣ</p>','2023-12-11 17:56:18','2023-12-11 17:56:18',13,31,0,0,0),(244,NULL,244,0,0,'suro','ㅇㄴㄹㄴ111','<p>ㅏㅣ;ㅏㅣ;</p>','2023-12-12 09:08:05','2023-12-12 09:08:05',20,33,0,1,0),(245,NULL,245,0,0,'suro','ㅎㅎㅎ23','<p>ㅎㅎㅎㅎㅎ호<img src=\"http://localhost/uploads/20200908172928.1206982_1702342548.jpg\"></p>','2023-12-12 09:38:10','2023-12-12 09:38:10',3,15,0,0,0),(246,NULL,246,0,0,'suro','게시글 테스트 !!!!!','<p>123</p><figure class=\"image\"><img style=\"aspect-ratio:610/410;\" src=\"http://localhost/uploads/14696851_802024_2059_org_1702356370.webp\" width=\"610\" height=\"410\"></figure>','2023-12-12 09:56:02','2023-12-12 09:56:02',6,69,0,1,0),(247,NULL,247,0,0,'suro','ㅈㅈㅈㅈ','<p>zzzzzzzzzzzz</p>','2023-12-12 10:08:24','2023-12-12 10:08:24',3,125,1,0,0),(248,NULL,248,0,0,'suro','ㅁㄴㅇ','<p>ㅁㄴㅇ</p>','2023-12-12 13:28:28','2023-12-12 13:28:28',10,63,0,0,0),(249,248,248,1,1,'suro','ㄹㄹ','<p>ㄹㄹㄹㄹ</p>','2023-12-12 05:58:24','2023-12-12 13:58:24',3,6,NULL,0,0),(250,245,245,1,1,'suro','답글이다','<p>ㅋㅋㅋㅋㅋㅋㅋㅋㅋㅋㅋㅋㅋㅋㅋㅋㅋ</p>','2023-12-12 05:59:34','2023-12-12 13:59:34',19,2,NULL,0,0),(251,245,245,2,1,'suro','답글 그림','<figure class=\"image\"><img style=\"aspect-ratio:501/737;\" src=\"http://localhost/uploads/exform_1702357186.PNG\" width=\"501\" height=\"737\"></figure>','2023-12-12 05:59:48','2023-12-12 13:59:48',11,2,NULL,0,0),(252,242,242,1,1,'suro','ㅇㅇ','<p>ㅇㅇ</p>','2023-12-12 06:19:27','2023-12-12 14:19:27',14,2,NULL,0,0),(253,NULL,253,0,0,'suro','ㅇㅇ','<p>ㅇㅇ</p>','2023-12-12 14:51:40','2023-12-12 14:51:40',18,3,0,0,0),(254,NULL,254,0,0,'suro','머스탱은 멋쟁이 이다','<p>123</p><p>&nbsp;</p>','2023-12-12 14:56:08','2023-12-12 14:56:08',7,7,0,0,0),(255,254,254,1,1,'suro','너의 답글','<p>ㅎㅎㅎ</p><figure class=\"image\"><img style=\"aspect-ratio:397/300;\" src=\"http://localhost/uploads/20200908172928.1206982_1702360581.jpg\" width=\"397\" height=\"300\"></figure>','2023-12-12 06:56:28','2023-12-12 14:56:28',17,4,NULL,0,0),(256,255,254,1,2,'suro','ㅎㅎㅎ','<p>ㅎㅎㅎㅎ</p>','2023-12-12 06:59:57','2023-12-12 14:59:57',7,0,NULL,0,0),(257,NULL,257,0,0,'suro','첨부파일 테스트 답글 ','<figure class=\"image\"><img style=\"aspect-ratio:1437/705;\" src=\"http://localhost/uploads/레이아수_1702360821.png\" width=\"1437\" height=\"705\"></figure>','2023-12-12 15:00:29','2023-12-12 15:00:29',19,5,0,0,0),(258,257,257,1,1,'suro','첨부파일 그렇게 올리지마라','<p>ㅋㅋㅋ</p>','2023-12-12 07:00:49','2023-12-12 15:00:49',15,2,NULL,0,0),(259,257,257,2,1,'suro','첨부파일 답글','<p>ㄴㅇㅇ</p>','2023-12-12 07:01:42','2023-12-12 15:01:42',17,2,NULL,0,0),(260,NULL,260,0,0,'suro','첨파','<p>ㅎ</p>','2023-12-12 15:10:22','2023-12-12 15:10:22',18,3,0,0,0),(261,260,260,1,1,'suro','ㅇㅇ','<p>ㅇㅇ</p>','2023-12-12 07:10:29','2023-12-12 15:10:29',3,5,NULL,0,0),(262,261,260,1,2,'suro','ㅁㅁㅁ','<p>ㅁㅁ</p>','2023-12-12 07:12:52','2023-12-12 15:12:52',11,1,NULL,0,0),(263,NULL,263,0,0,'suro','리스하는게 맞나?','<p>ㅇㅋ</p>','2023-12-12 15:15:02','2023-12-12 15:15:02',12,4,0,0,0),(264,263,263,1,1,'suro','ㅎㅇㅎㅇ','<p>ㅎㅇ</p>','2023-12-12 07:15:08','2023-12-12 15:15:08',6,3,NULL,0,0),(265,264,263,1,2,'suro','ㅋㅋㅋㅋㅋㅋㅋㅋㅋ','<p>ㅋㅋㅋㅋㅋㅋㅋㅋㅋㅋ</p>','2023-12-12 07:16:34','2023-12-12 15:16:34',13,3,NULL,0,0),(266,265,263,1,3,'suro','wow','<p>dd</p>','2023-12-12 07:18:41','2023-12-12 15:18:41',11,3,NULL,0,0),(267,266,263,1,4,'suro','ㅁㄴㅇ','<p>ㅁㄴㅇ</p>','2023-12-12 07:26:40','2023-12-12 15:26:40',11,0,NULL,0,0),(268,266,263,2,4,'suro','266','<p>266</p>','2023-12-12 07:27:00','2023-12-12 15:27:00',3,2,NULL,0,0),(269,268,263,1,5,'suro','268','<p>268</p>','2023-12-12 07:27:21','2023-12-12 15:27:21',14,0,NULL,0,0),(270,234,234,1,1,'suro','ㅇㅇ','<p>ㅇㅇ</p>','2023-12-12 07:27:47','2023-12-12 15:27:47',7,3,NULL,0,0),(271,270,234,1,2,'suro','dzd','<p>z</p>','2023-12-12 07:30:20','2023-12-12 15:30:20',6,0,NULL,0,0),(272,270,234,2,2,'suro','ㅁㄴㅇ','<p>ㅁㄴㅇㄴㅁㅇㅁㅇ</p>','2023-12-12 07:31:35','2023-12-12 15:31:35',6,0,NULL,0,0),(273,270,234,3,2,'suro','ㄹㄴㄹ','<p>ㄴㅇㄹㄴㅇ</p>','2023-12-12 07:31:55','2023-12-12 15:31:55',13,0,NULL,0,0),(274,270,234,4,2,'suro','ㅁㅁ','<p>ㅁㅁ</p>','2023-12-12 07:36:33','2023-12-12 15:36:33',5,0,NULL,0,0),(275,270,234,5,2,'suro','ㅎㅇㅎ','<p>ㅇㅎ</p>','2023-12-12 07:36:55','2023-12-12 15:36:55',20,0,NULL,0,0),(276,270,234,6,2,'suro',',','<p>k,</p>','2023-12-12 07:39:29','2023-12-12 15:39:29',13,0,NULL,0,0),(277,253,253,1,1,'suro','11','<p>2222</p>','2023-12-12 07:39:56','2023-12-12 15:39:56',19,0,NULL,0,0),(278,253,253,2,1,'suro','11','<p>ㄹㅇㄴㄹ</p>','2023-12-12 07:50:55','2023-12-12 15:50:55',17,0,NULL,0,0),(279,253,253,3,1,'suro','11ㅁㄴㅇ','<p>ㅁㄴㅇ</p>','2023-12-12 07:51:20','2023-12-12 15:51:20',10,0,NULL,0,0),(280,239,239,1,1,'suro','ㄴㅇ','<p>ㅁㄴㅇㅁㄴㅇ</p>','2023-12-12 07:51:54','2023-12-12 15:51:54',13,2,NULL,0,0),(281,239,239,2,1,'suro','ㄴㅇㄴㅇㄹ','<p>ㄴㅇㄹㄴㅇ</p>','2023-12-12 07:52:23','2023-12-12 15:52:23',14,0,NULL,0,0),(282,280,239,1,2,'suro','ㄴㅇㅁㄴ','<p>ㅇㅁㄴㅇㄴㅁㅇ</p>','2023-12-12 07:53:04','2023-12-12 15:53:04',12,0,NULL,0,0),(283,280,239,2,2,'suro','ㄴㅇㅁㄴ','<p>ㅎ롷로</p>','2023-12-12 07:54:06','2023-12-12 15:54:06',14,0,NULL,0,0),(284,280,239,3,2,'suro','ㄴㅇㅁㄴ','<p>ㄴㅀㅎㄹ</p>','2023-12-12 07:56:36','2023-12-12 15:56:36',16,0,NULL,0,0),(285,214,214,1,1,'suro','영어','<p>123</p>','2023-12-12 07:56:48','2023-12-12 15:56:48',17,0,NULL,0,0),(286,214,214,2,1,'suro','일본','<p>333</p>','2023-12-12 07:58:41','2023-12-12 15:58:41',14,0,NULL,0,0),(287,214,214,3,1,'suro','일본','<p>34234</p>','2023-12-12 07:59:31','2023-12-12 15:59:31',17,1,NULL,0,0),(288,214,214,4,1,'suro','일','<p>123213</p>','2023-12-12 08:01:47','2023-12-12 16:01:47',6,1,NULL,0,0),(289,242,242,2,1,'suro','ㅇ','<p>ㅇㅇㅇ</p>','2023-12-12 08:02:35','2023-12-12 16:02:35',13,0,NULL,0,0),(290,242,242,3,1,'suro','ㅎ롫','<p>ㅗㄹ호</p>','2023-12-12 08:03:07','2023-12-12 16:03:07',6,0,NULL,0,0),(291,242,242,4,1,'suro','ㄴㄴ','<p>ㄴㄴㄴ</p>','2023-12-12 08:21:54','2023-12-12 16:21:54',7,0,NULL,0,0),(292,208,208,1,1,'suro','ㄴㄴㄴㄴㄴㄴㄴ','<p>ㄴㄴㄴㄴㄴㄴㄴㄴ</p>','2023-12-12 08:24:35','2023-12-12 16:24:35',13,0,NULL,0,0),(293,32,32,1,1,'suro','ㄴㄴ','<p>ㄴㄴ</p>','2023-12-12 08:25:57','2023-12-12 16:25:57',6,1,NULL,0,0),(294,224,224,1,1,'suro','^^','<p>^^</p>','2023-12-12 08:26:23','2023-12-12 16:26:23',9,0,NULL,0,0),(295,224,224,2,1,'suro','ㄴㅇㅁㅇ','<p>ㄴㅁㅇㅁㄴㅇ</p>','2023-12-12 08:28:09','2023-12-12 16:28:09',3,0,NULL,0,0),(296,55,55,1,1,'suro','홀리몰리','<p>ㅇㅋ</p>','2023-12-12 08:29:55','2023-12-12 16:29:55',6,0,NULL,0,0),(297,55,55,2,1,'suro','ㄹㅇ','<p>ㅋㅋ</p>','2023-12-12 08:33:12','2023-12-12 16:33:12',17,0,NULL,0,0),(298,55,55,3,1,'suro','ㅇㅇㅇ','<p>ㅇㅇㅇㅇ</p>','2023-12-12 08:33:32','2023-12-12 16:33:32',11,0,NULL,0,0),(299,55,55,4,1,'suro','ㅇㅇ','<p>ㅇㅇ</p>','2023-12-12 08:35:50','2023-12-12 16:35:50',18,0,NULL,0,0),(300,55,55,5,1,'suro','ㅋㅋㅋㅋㅋ','<p>ㅋㅋㅋㅋㅋㅋㅋㅋㅋㅋㅋㅋㅋ</p>','2023-12-12 08:36:48','2023-12-12 16:36:48',18,0,NULL,0,0),(301,55,55,6,1,'suro','ㅋㅋㅋㅋㅋ','<p>ㅋㅋㅋㅋㅋㅋㅋㅋㅋㅋㅋㅋㅋ</p>','2023-12-12 08:36:57','2023-12-12 16:36:57',17,0,NULL,0,0),(302,52,52,1,1,'suro','vscode','<p>!!</p>','2023-12-12 08:38:33','2023-12-12 16:38:33',12,0,NULL,0,0),(303,52,52,2,1,'suro','vscode','<p>!!</p>','2023-12-12 08:38:48','2023-12-12 16:38:48',6,0,NULL,0,0),(304,52,52,3,1,'suro','dzd','<p>zdz</p>','2023-12-12 08:39:32','2023-12-12 16:39:32',10,0,NULL,0,0),(305,52,52,4,1,'suro','ㄴㅁㅇㅁㄴ','<p>ㅁㄴㅇㅁㄴㅇ</p>','2023-12-12 08:41:41','2023-12-12 16:41:41',11,0,NULL,0,0),(306,52,52,5,1,'suro','ㅇㅁ','<p>ㅇㅁ</p>','2023-12-12 08:43:12','2023-12-12 16:43:12',6,1,NULL,0,0),(307,217,217,1,1,'suro','???','<p>뭐라고</p>','2023-12-12 08:43:29','2023-12-12 16:43:29',10,1,NULL,0,0),(308,NULL,308,0,0,'suro','헤드라이트 삽니다 ','<p>ㅋㅋㅋㅋㅋ</p>','2023-12-12 16:43:42','2023-12-12 16:43:42',10,4,0,0,0),(309,NULL,309,0,0,'suro','무슨테스트?','<p>ㅇㅁㅇ</p>','2023-12-12 16:43:57','2023-12-12 16:43:57',12,2,0,1,0),(310,NULL,310,0,0,'suro','ㅇㅇ','<p>ㅇㅇ</p>','2023-12-12 16:44:33','2023-12-12 16:44:33',11,3,0,0,0),(311,NULL,311,0,0,'suro','ㅇ','<p>ㅇㅇㅇ</p>','2023-12-12 16:46:50','2023-12-12 16:46:50',17,5,0,0,0),(312,311,311,1,1,'suro','ㅇㅋㅇ','<p>ㅋㅇㅋ</p>','2023-12-12 08:46:56','2023-12-12 16:46:56',11,2,NULL,0,0),(313,311,311,2,1,'suro','ㅇㅇ','<p>ㅇㅇㅇ</p>','2023-12-12 08:48:06','2023-12-12 16:48:06',4,2,NULL,0,0),(314,NULL,314,0,0,'suro','ㄹ호','<p>ㄹ호</p>','2023-12-12 16:49:08','2023-12-12 16:49:08',19,3,0,0,0),(315,314,314,1,1,'suro','444','<p>444</p>','2023-12-12 08:49:17','2023-12-12 16:49:17',8,6,NULL,0,0),(316,315,314,1,2,'suro','ㅁㄴㅇ','<p>ㄴㅇㅁ</p>','2023-12-12 08:51:25','2023-12-12 16:51:25',17,0,NULL,0,0),(317,315,314,2,2,'suro','ㅁㄴㅇ','<p>ㅁㄴㅇ</p>','2023-12-12 08:52:01','2023-12-12 16:52:01',3,1,NULL,0,0),(318,51,51,1,1,'suro','34234','<p>234234</p>','2023-12-12 08:52:16','2023-12-12 16:52:16',18,0,NULL,0,0),(319,51,51,2,1,'suro','ㅁㄴㅇㄴㅁ','<p>ㅇㅁㄴㅇㅁㄴㅇ</p>','2023-12-12 08:52:23','2023-12-12 16:52:23',7,2,NULL,0,0),(320,36,36,1,1,'suro','ㅇㅇ','<p>ㅇㅇㅇ</p>','2023-12-12 08:53:56','2023-12-12 16:53:56',14,0,NULL,0,0),(321,NULL,321,0,0,'suro','ㅇㅇㅇㅇㅇㅇㅇ','<p>ㅇㅇㅇㅇㅇㅇㅇㅇㅇㅇㅇ</p>','2023-12-12 16:57:13','2023-12-12 16:57:13',9,4,0,0,0),(322,NULL,322,0,0,'suro','ㅎ롤헐호ㅓ','<p>호ㅓ</p>','2023-12-12 16:57:41','2023-12-12 16:57:41',20,5,0,1,0),(323,NULL,323,0,0,'suro','23123','<p>123123</p>','2023-12-12 16:58:00','2023-12-12 16:58:00',14,3,0,0,0),(324,NULL,324,0,0,'suro','ㅁㄴㅇ','<p>ㅁㄴㅇ</p>','2023-12-12 17:03:17','2023-12-12 17:03:17',9,1,0,0,0),(325,NULL,325,0,0,'suro','연비 몇나옴 보통?','<p>한 3.5??</p>','2023-12-12 17:06:49','2023-12-12 17:06:49',9,4,0,0,0),(326,NULL,326,0,0,'suro','ㅁㄴㅇ','<p>ㅁㄴㅇㄴㅁ</p>','2023-12-12 17:07:55','2023-12-12 17:07:55',3,8,0,0,0),(327,NULL,327,0,0,'suro','머스탱 머스탱~~','<p>ㅇㅇㅇ</p>','2023-12-12 17:08:36','2023-12-12 17:08:36',6,7,0,0,0),(328,NULL,328,0,0,'suro','심심혀','<p>ㅎㅎㅎ</p>','2023-12-12 17:19:58','2023-12-12 17:19:58',3,25,0,0,0),(329,328,328,1,1,'suro','맛집 공유해줄까?','<figure class=\"image\"><img style=\"aspect-ratio:501/737;\" src=\"http://localhost/uploads/exform_1702426004.PNG\" width=\"501\" height=\"737\"></figure><p>7777777777777777777</p>','2023-12-12 09:26:31','2023-12-12 17:26:31',11,10,NULL,0,0),(330,328,328,2,1,'suro','qaqaqaaqa','<p>ㅎㅎㅎ</p>','2023-12-12 09:28:48','2023-12-12 17:28:48',14,4,NULL,0,0),(331,328,328,3,1,'suro','대전은 성심당','<p>ㅇㅋ</p>','2023-12-12 09:29:30','2023-12-12 17:29:30',17,4,NULL,0,0),(332,NULL,332,0,0,'suro','머스탱 2.3 개 별로던데','<p>ㅋㅋㅋㅋ</p>','2023-12-12 17:36:05','2023-12-12 17:36:05',6,20,0,0,0),(333,332,332,1,1,'suro','답글 첨부파일테스트','<p>ㅇㅋ?</p>','2023-12-12 09:36:21','2023-12-12 17:36:21',20,4,NULL,0,0),(334,NULL,334,0,0,'suro','7세대 머스탱샀음','<p>ㅋㅋㅋ</p>','2023-12-12 18:04:52','2023-12-12 18:04:52',4,35,0,0,0),(335,NULL,335,0,0,'hnw1451','머스탱 5.0 연비는?','<p>최악</p>','2023-12-13 16:27:08','2023-12-13 16:27:08',15,2,1,0,0),(336,NULL,336,0,0,'hnw1451','머스탱 5.0 테스트','<p>ㅇㅋ</p>','2023-12-13 16:28:36','2023-12-13 16:28:36',12,2,1,0,0),(337,NULL,337,0,0,'hnw1451','머스탱 5.0','<p>ㅋㅇ</p>','2023-12-13 16:30:29','2023-12-13 16:30:29',5,19,0,1,0),(338,NULL,338,0,0,'admin','공지사항','<p>ㅋㅋ</p>','2023-12-14 09:04:58','2023-12-14 09:04:58',4,1,0,0,1),(339,NULL,339,0,0,'admin','머스탱 2.3 공지사항','<p>!!</p>','2023-12-14 09:07:27','2023-12-14 09:07:27',6,0,0,0,1),(340,NULL,340,0,0,'admin','리스 승계 공지사항입니다.','<figure class=\"image\"><img style=\"aspect-ratio:316/159;\" src=\"http://localhost/uploads/images_1702513709.jpg\" width=\"316\" height=\"159\"></figure>','2023-12-14 09:28:31','2023-12-14 09:28:31',12,1,0,0,1),(341,337,337,1,1,'hnw1451','머스탱 5.0 답글','<p>ㅇㅋ</p>','2023-12-14 02:49:32','2023-12-14 10:49:32',5,1,NULL,0,0),(342,NULL,342,0,0,'hnw1451','시승좀 해볼까','<figure class=\"image\"><img style=\"aspect-ratio:316/159;\" src=\"http://localhost/uploads/images_1702534303.jpg\" width=\"316\" height=\"159\"></figure>','2023-12-14 15:11:50','2023-12-14 15:11:50',8,1,0,1,0),(343,NULL,343,0,0,'hnw1451','누적게시글 채우는중','<p>ㅋㅋㅋㅋ</p>','2023-12-14 15:57:52','2023-12-14 15:57:52',3,0,0,0,0),(344,NULL,344,0,0,'hnw1451','에코부스털~~~','<p>ㅓㅜㅜㅜ</p>','2023-12-14 16:22:45','2023-12-14 16:22:45',6,1,0,0,0),(345,NULL,345,0,0,'hnw1451','에코부스터 필독!!','<p>ㅁㄴㅁ</p>','2023-12-14 16:22:55','2023-12-14 16:22:55',6,1,0,0,0),(346,NULL,346,0,0,'hnw1451','에코 라고?','<p>ㄴㄴ</p>','2023-12-14 16:23:05','2023-12-14 16:23:05',6,12,0,1,0),(347,NULL,347,0,0,'admin','에코부스터 필독영상','<figure class=\"image\"><img style=\"aspect-ratio:316/159;\" src=\"http://localhost/uploads/images_1702538645.jpg\" width=\"316\" height=\"159\"></figure>','2023-12-14 16:24:07','2023-12-14 16:24:07',6,0,0,0,1),(348,NULL,348,0,0,'admin','에코맞다 아니다?','<p>ㅇㅇ</p>','2023-12-14 16:24:19','2023-12-14 16:24:19',6,0,0,0,1),(349,NULL,349,0,0,'admin','에코부스터 가입인사도 같이하셈','<p>ㅇ</p>','2023-12-14 16:24:39','2023-12-14 16:24:39',6,0,0,0,1),(350,NULL,350,0,0,'admin','머스탱은 xxx 다 맞추면 상금!','<p>ㅇ</p>','2023-12-14 16:28:07','2023-12-14 16:28:07',7,0,0,0,1),(351,NULL,351,0,0,'admin','가입인사 필독!!','<p>ㅇㅇ</p>','2023-12-14 16:28:18','2023-12-14 16:28:18',7,1,0,0,1),(352,NULL,352,0,0,'admin','머스탱 xxx 공지사항 입니다.','<p>ㅇㅇ</p>','2023-12-14 16:28:37','2023-12-14 16:28:37',7,2,0,0,1),(353,NULL,353,0,0,'admin','* 12/14 일 공지사항','<p>ㅇㅇ</p>','2023-12-14 16:28:52','2023-12-14 16:28:52',7,0,0,0,1),(354,NULL,354,0,0,'hnw1451','조회수 테스트','<p>ㅇㅋ</p>','2023-12-14 17:02:10','2023-12-14 17:02:10',3,3,0,0,0),(355,NULL,355,0,0,'suro','조회수 테스트 2','<p>123</p>','2023-12-14 17:09:44','2023-12-14 17:09:44',3,12,0,0,0),(356,NULL,356,0,0,'admin','조회수 테스트 3','<p>ㅇㅋ</p>','2023-12-14 17:28:44','2023-12-14 17:28:44',3,3,1,0,0),(357,NULL,357,0,0,'admin','조회수 테스트 3','<p>ㅇㅋㅇ</p>','2023-12-14 17:30:54','2023-12-14 17:30:54',3,3,0,0,0),(358,NULL,358,0,0,'admin','조회수 테스트 4','<p>123</p>','2023-12-14 17:33:05','2023-12-14 17:33:05',3,3,0,0,0),(359,NULL,359,0,0,'suro','조회수 테스트 5','<p>1234</p>','2023-12-14 17:37:10','2023-12-14 17:37:10',3,4,0,0,0),(360,NULL,360,0,0,'admin','조회수 테스트 6','<p>123</p>','2023-12-14 17:39:30','2023-12-14 17:39:30',3,15,1,0,0),(361,NULL,361,0,0,'admin','조회수 테스트 6','<p>123</p>','2023-12-14 17:53:39','2023-12-14 17:53:39',3,11,0,1,0),(362,NULL,362,0,0,'hnw1451','리스 테스트 페이지','<p>12</p>','2023-12-15 10:43:33','2023-12-15 10:43:33',12,0,0,0,0),(363,NULL,363,0,0,'hnw1451','리스 테스트 페이지','<p>123213</p>','2023-12-15 10:43:51','2023-12-15 10:43:51',12,1,0,0,0),(364,NULL,364,0,0,'hnw1451','리스 테스트 페이지 321321','<p>ㅁㄴㅇㅁㄴ</p>','2023-12-15 10:44:03','2023-12-15 10:44:03',12,0,0,0,0),(365,NULL,365,0,0,'hnw1451','리스 테스트 페이지 321321','<p>122552</p>','2023-12-15 10:44:09','2023-12-15 10:44:09',12,0,0,0,0),(366,NULL,366,0,0,'hnw1451','리스 테스트 페이지 321321','<p>213414</p>','2023-12-15 10:44:30','2023-12-15 10:44:30',3,6,0,0,0),(367,NULL,367,0,0,'admin','여행 가자','<p>ㅇ</p>','2023-12-15 15:32:47','2023-12-15 15:32:47',11,0,0,0,1),(368,NULL,368,0,0,'admin','드라이브가자','<p>ㅇㅇ</p>','2023-12-15 15:32:59','2023-12-15 15:32:59',11,0,0,0,1),(369,NULL,369,0,0,'admin','맛집가자','<p>ㅋㅋ</p>','2023-12-15 15:33:12','2023-12-15 15:33:12',11,0,0,0,1);

/*Table structure for table `post_thumb` */

DROP TABLE IF EXISTS `post_thumb`;

CREATE TABLE `post_thumb` (
  `user_id` varchar(45) NOT NULL,
  `post_id` int(11) NOT NULL,
  PRIMARY KEY (`user_id`,`post_id`),
  KEY `post_id` (`post_id`),
  CONSTRAINT `post_thumb_ibfk_1` FOREIGN KEY (`post_id`) REFERENCES `post` (`post_id`)
) ENGINE=InnoDB DEFAULT CHARSET=utf8mb4 COLLATE=utf8mb4_general_ci;

/*Data for the table `post_thumb` */

insert  into `post_thumb`(`user_id`,`post_id`) values ('admin',30),('admin',31),('admin',51),('hnw1451',30),('hnw1451',31),('hnw1451',32),('hnw1451',33),('hnw1451',51),('hnw1451',52),('hnw1451',54),('hnw1451',56),('hnw1451',57),('hnw1451',59),('hnw1451',62),('hnw1451',72),('hnw1451',73),('hnw1451',78),('hnw1451',80),('hnw1451',82),('hnw1451',84),('hnw1451',86),('hnw1451',87),('hnw1451',89),('hnw1451',90),('hnw1451',97),('hnw1451',98),('hnw1451',100),('hnw1451',236),('hnw1451',240),('hnw1451',322),('hnw1451',342),('hnw1451',346),('hnw1451',361),('suro',86),('suro',101),('suro',240),('suro',244),('suro',246),('suro',309),('suro',337),('test',237),('tjdwls3144',30),('tjdwls3144',32),('tjdwls3144',36),('tjdwls3144',101),('tjdwls3144',208),('tjdwls3144',209),('tjdwls3144',212);

/*Table structure for table `uploadfile` */

DROP TABLE IF EXISTS `uploadfile`;

CREATE TABLE `uploadfile` (
  `file_id` int(11) NOT NULL AUTO_INCREMENT,
  `post_id` int(11) DEFAULT NULL,
  `file_name` varchar(255) DEFAULT NULL,
  `file_path` varchar(255) DEFAULT NULL,
  `file_type` varchar(50) DEFAULT NULL,
  `file_size` int(11) DEFAULT NULL,
  `upload_date` datetime DEFAULT NULL,
  `user_id` int(11) DEFAULT NULL,
  `status` tinyint(4) DEFAULT NULL,
  PRIMARY KEY (`file_id`)
) ENGINE=InnoDB AUTO_INCREMENT=253 DEFAULT CHARSET=utf8mb4 COLLATE=utf8mb4_general_ci;

/*Data for the table `uploadfile` */

insert  into `uploadfile`(`file_id`,`post_id`,`file_name`,`file_path`,`file_type`,`file_size`,`upload_date`,`user_id`,`status`) values (21,182,'crud.sql','C:/workspace/masigo/uploads/crud.sql','text/plain',0,'2023-12-06 08:54:49',0,1),(22,183,'20200908172928.12069822.jpg','C:/workspace/masigo/uploads/20200908172928.12069822.jpg','image/jpeg',32,'2023-12-06 08:57:31',0,1),(23,184,'20200908172928.12069823.jpg','C:/workspace/masigo/uploads/20200908172928.12069823.jpg','image/jpeg',32,'2023-12-06 08:57:45',0,1),(24,185,'20200908172928.12069824.jpg','C:/workspace/masigo/uploads/20200908172928.12069824.jpg','image/jpeg',32,'2023-12-06 08:57:48',0,1),(25,186,'actor1.jpg','C:/workspace/masigo/uploads/actor1.jpg','image/jpeg',154,'2023-12-06 08:58:36',0,1),(26,187,'actor2.jpg','C:/workspace/masigo/uploads/actor2.jpg','image/jpeg',154,'2023-12-06 08:58:39',0,1),(27,191,'db2.txt','C:/workspace/masigo/uploads/db2.txt','text/plain',2,'2023-12-06 09:24:55',0,1),(28,NULL,'masigo.sql','C:/workspace/masigo/uploads/masigo.sql','text/plain',6,'2023-12-06 09:46:12',0,1),(29,NULL,'db3.txt','C:/workspace/masigo/uploads/db3.txt','text/plain',2,'2023-12-06 09:47:26',0,1),(32,208,'crud1.sql','C:/workspace/masigo/uploads/crud1.sql','text/plain',0,'2023-12-06 09:58:45',0,1),(38,210,'db5.txt','C:/workspace/masigo/uploads/db5.txt','text/plain',2,'2023-12-07 01:30:08',0,1),(50,213,'ajax3.txt','C:/workspace/masigo/uploads/ajax3.txt','text/html',7,'2023-12-07 05:12:16',0,1),(75,211,'exform5.PNG','C:/workspace/masigo/uploads/exform5.PNG','image/png',18,'2023-12-07 06:29:16',0,1),(76,211,'crud8.sql','C:/workspace/masigo/uploads/crud8.sql','text/plain',0,'2023-12-07 06:29:39',0,1),(77,211,'db12.txt','C:/workspace/masigo/uploads/db12.txt','text/plain',2,'2023-12-07 06:29:39',0,1),(78,211,'3.jpg','C:/workspace/masigo/uploads/고양이3.jpg','image/jpeg',103,'2023-12-07 06:29:54',0,1),(79,214,'20200908172928.12069826.jpg','C:/workspace/masigo/uploads/20200908172928.12069826.jpg','image/jpeg',32,'2023-12-07 06:30:29',0,1),(80,214,'4.jpg','C:/workspace/masigo/uploads/고양이4.jpg','image/jpeg',103,'2023-12-07 06:30:29',0,1),(81,214,'3.txt','C:/workspace/masigo/uploads/구현하고싶은3.txt','text/plain',2,'2023-12-07 06:30:29',0,1),(85,215,'db13.txt','C:/workspace/masigo/uploads/db13.txt','text/plain',2,'2023-12-07 06:31:57',0,1),(86,215,'exform6.PNG','C:/workspace/masigo/uploads/exform6.PNG','image/png',18,'2023-12-07 06:31:57',0,1),(87,215,'masigo4.sql','C:/workspace/masigo/uploads/masigo4.sql','text/plain',6,'2023-12-07 06:31:57',0,1),(88,215,'949fe4c386e73067b767ad3bd7766ad12.jpg','C:/workspace/masigo/uploads/949fe4c386e73067b767ad3bd7766ad12.jpg','image/jpeg',45,'2023-12-07 06:32:47',0,1),(89,215,'20200908172928.12069827.jpg','C:/workspace/masigo/uploads/20200908172928.12069827.jpg','image/jpeg',32,'2023-12-07 06:32:47',0,1),(93,216,'db14.txt','C:/workspace/masigo/uploads/db14.txt','text/plain',2,'2023-12-07 06:41:39',0,1),(94,216,'exform7.PNG','C:/workspace/masigo/uploads/exform7.PNG','image/png',18,'2023-12-07 06:41:39',0,1),(95,216,'masigo5.sql','C:/workspace/masigo/uploads/masigo5.sql','text/plain',6,'2023-12-07 06:41:39',0,1),(96,216,'posts3.sql','C:/workspace/masigo/uploads/posts3.sql','text/plain',3,'2023-12-07 06:41:51',0,1),(97,216,'posts-reply3.sql','C:/workspace/masigo/uploads/posts-reply3.sql','text/plain',4,'2023-12-07 06:41:51',0,1),(98,216,'20200908172928.12069828.jpg','C:/workspace/masigo/uploads/20200908172928.12069828.jpg','image/jpeg',32,'2023-12-07 06:42:03',0,1),(107,216,'고양이.jpg','C:/workspace/masigo/uploads/고양이.jpg','image/jpeg',103,'2023-12-07 07:01:50',0,1),(108,217,'posts.sql','C:/workspace/masigo/uploads/posts.sql','text/plain',3,'2023-12-07 07:02:59',0,1),(109,217,'posts-reply.sql','C:/workspace/masigo/uploads/posts-reply.sql','text/plain',4,'2023-12-07 07:02:59',0,1),(111,217,'cat.jpg','C:/workspace/masigo/uploads/cat.jpg','image/jpeg',103,'2023-12-07 07:03:19',0,1),(114,217,'actor.jpg','C:/workspace/masigo/uploads/actor.jpg','image/jpeg',154,'2023-12-07 07:10:29',0,1),(115,217,'구현하고싶은2.txt','C:/workspace/masigo/uploads/구현하고싶은2.txt','text/plain',2,'2023-12-07 07:10:44',0,1),(116,213,'actor1.jpg','C:/workspace/masigo/uploads/actor1.jpg','image/jpeg',154,'2023-12-07 07:17:17',0,1),(117,213,'ajax.txt','C:/workspace/masigo/uploads/ajax.txt','text/html',7,'2023-12-07 07:17:17',0,1),(118,213,'cat1.jpg','C:/workspace/masigo/uploads/cat1.jpg','image/jpeg',103,'2023-12-07 07:17:17',0,1),(119,213,'crud.sql','C:/workspace/masigo/uploads/crud.sql','text/plain',0,'2023-12-07 07:17:17',0,1),(120,213,'db.txt','C:/workspace/masigo/uploads/db.txt','text/plain',2,'2023-12-07 07:17:17',0,1),(136,219,'cat12.jpg','C:/workspace/masigo/uploads/cat12.jpg','image/jpeg',103,'2023-12-07 09:49:16',0,1),(160,204,'cat18.jpg','C:/workspace/masigo/uploads/cat18.jpg','image/jpeg',103,'2023-12-08 00:54:46',0,1),(161,204,'crud11.sql','C:/workspace/masigo/uploads/crud11.sql','text/plain',0,'2023-12-08 00:54:46',0,1),(162,204,'db7.txt','C:/workspace/masigo/uploads/db7.txt','text/plain',2,'2023-12-08 00:54:46',0,1),(163,204,'actor5.jpg','C:/workspace/masigo/uploads/actor5.jpg','image/jpeg',154,'2023-12-08 00:55:49',0,1),(164,204,'ajax3.txt','C:/workspace/masigo/uploads/ajax3.txt','text/html',7,'2023-12-08 00:56:34',0,1),(165,220,'ajax4.txt','C:/workspace/masigo/uploads/ajax4.txt','text/html',7,'2023-12-08 00:58:17',0,1),(166,220,'cat19.jpg','C:/workspace/masigo/uploads/cat19.jpg','image/jpeg',103,'2023-12-08 00:58:17',0,1),(167,220,'crud12.sql','C:/workspace/masigo/uploads/crud12.sql','text/plain',0,'2023-12-08 00:58:17',0,1),(168,220,'db8.txt','C:/workspace/masigo/uploads/db8.txt','text/plain',2,'2023-12-08 00:58:17',0,1),(169,220,'exform6.PNG','C:/workspace/masigo/uploads/exform6.PNG','image/png',18,'2023-12-08 00:58:17',0,1),(170,232,'cat20.jpg','C:/workspace/masigo/uploads/cat20.jpg','image/jpeg',103,'2023-12-08 01:27:21',0,1),(171,232,'crud13.sql','C:/workspace/masigo/uploads/crud13.sql','text/plain',0,'2023-12-08 01:27:21',0,1),(172,232,'db9.txt','C:/workspace/masigo/uploads/db9.txt','text/plain',2,'2023-12-08 01:27:21',0,1),(173,239,'231027자리배치명단.jpg','C:/workspace/masigo/uploads/231027_자리배치명단.jpg','image/jpeg',173,'2023-12-11 01:03:18',0,1),(174,239,'231110자리배치명단.jpg','C:/workspace/masigo/uploads/231110_자리배치명단.jpg','image/jpeg',174,'2023-12-11 01:03:18',0,1),(175,240,'actor6.jpg','C:/workspace/masigo/uploads/actor6.jpg','image/jpeg',154,'2023-12-11 01:03:45',0,1),(178,240,'actor7.jpg','C:/workspace/masigo/uploads/actor7.jpg','image/jpeg',154,'2023-12-11 06:05:35',0,1),(179,240,'ajax5.txt','C:/workspace/masigo/uploads/ajax5.txt','text/html',7,'2023-12-11 06:05:35',0,1),(180,240,'cat22.jpg','C:/workspace/masigo/uploads/cat22.jpg','image/jpeg',103,'2023-12-11 06:05:35',0,1),(186,241,'actor-복사본1.jpg','C:/workspace/masigo/uploads/actor_-_복사본1.jpg','image/jpeg',154,'2023-12-11 07:42:38',0,1),(187,241,'949fe4c386e73067b767ad3bd7766ad16.jpg','C:/workspace/masigo/uploads/949fe4c386e73067b767ad3bd7766ad16.jpg','image/jpeg',45,'2023-12-11 07:43:23',0,1),(188,245,'actor-복사본2.jpg','C:/workspace/masigo/uploads/actor_-_복사본2.jpg','image/jpeg',154,'2023-12-12 01:55:24',0,1),(189,245,'actor11.jpg','C:/workspace/masigo/uploads/actor11.jpg','image/jpeg',154,'2023-12-12 01:55:24',0,1),(194,246,'crud14.sql','C:/workspace/masigo/uploads/crud14.sql','text/plain',0,'2023-12-12 04:47:32',0,1),(195,246,'ajax6.txt','C:/workspace/masigo/uploads/ajax6.txt','text/html',7,'2023-12-12 05:46:22',0,1),(196,248,'actor12.jpg','C:/workspace/masigo/uploads/actor12.jpg','image/jpeg',154,'2023-12-12 06:32:19',0,1),(197,248,'ajax7.txt','C:/workspace/masigo/uploads/ajax7.txt','text/html',7,'2023-12-12 06:32:19',0,1),(199,253,'actor13.jpg','C:/workspace/masigo/uploads/actor13.jpg','image/jpeg',154,'2023-12-12 06:51:40',0,1),(200,253,'ajax8.txt','C:/workspace/masigo/uploads/ajax8.txt','text/html',7,'2023-12-12 06:51:40',0,1),(201,253,'cat-복사본2.jpg','C:/workspace/masigo/uploads/cat_-_복사본2.jpg','image/jpeg',103,'2023-12-12 06:51:40',0,1),(202,254,'20200908172928.12069823.jpg','C:/workspace/masigo/uploads/20200908172928.12069823.jpg','image/jpeg',32,'2023-12-12 06:56:08',0,1),(203,254,'actor-복사본3.jpg','C:/workspace/masigo/uploads/actor_-_복사본3.jpg','image/jpeg',154,'2023-12-12 06:56:08',0,1),(204,255,'actor14.jpg','C:/workspace/masigo/uploads/actor14.jpg','image/jpeg',154,'2023-12-12 06:59:57',0,1),(205,255,'cat-복사본3.jpg','C:/workspace/masigo/uploads/cat_-_복사본3.jpg','image/jpeg',103,'2023-12-12 06:59:57',0,1),(206,257,'ajax9.txt','C:/workspace/masigo/uploads/ajax9.txt','text/html',7,'2023-12-12 07:00:29',0,1),(207,257,'db10.txt','C:/workspace/masigo/uploads/db10.txt','text/plain',2,'2023-12-12 07:00:29',0,1),(208,257,'20200908172928.12069824.jpg','C:/workspace/masigo/uploads/20200908172928.12069824.jpg','image/jpeg',32,'2023-12-12 07:00:49',0,1),(209,257,'actor-복사본4.jpg','C:/workspace/masigo/uploads/actor_-_복사본4.jpg','image/jpeg',154,'2023-12-12 07:00:49',0,1),(210,257,'actor15.jpg','C:/workspace/masigo/uploads/actor15.jpg','image/jpeg',154,'2023-12-12 07:01:42',0,1),(211,260,'actor-복사본5.jpg','C:/workspace/masigo/uploads/actor_-_복사본5.jpg','image/jpeg',154,'2023-12-12 07:10:22',0,1),(212,260,'actor16.jpg','C:/workspace/masigo/uploads/actor16.jpg','image/jpeg',154,'2023-12-12 07:10:22',0,1),(213,0,'cat-복사본4.jpg','C:/workspace/masigo/uploads/cat_-_복사본4.jpg','image/jpeg',103,'2023-12-12 07:10:29',0,1),(214,0,'cat24.jpg','C:/workspace/masigo/uploads/cat24.jpg','image/jpeg',103,'2023-12-12 07:10:29',0,1),(215,261,'ajax10.txt','C:/workspace/masigo/uploads/ajax10.txt','text/html',7,'2023-12-12 07:12:52',0,1),(216,261,'cat-복사본5.jpg','C:/workspace/masigo/uploads/cat_-_복사본5.jpg','image/jpeg',103,'2023-12-12 07:12:52',0,1),(217,263,'actor17.jpg','C:/workspace/masigo/uploads/actor17.jpg','image/jpeg',154,'2023-12-12 07:15:02',0,1),(218,264,'cat25.jpg','C:/workspace/masigo/uploads/cat25.jpg','image/jpeg',103,'2023-12-12 07:15:08',0,1),(219,265,'949fe4c386e73067b767ad3bd7766ad18.jpg','C:/workspace/masigo/uploads/949fe4c386e73067b767ad3bd7766ad18.jpg','image/jpeg',45,'2023-12-12 07:16:34',0,1),(220,266,'crud15.sql','C:/workspace/masigo/uploads/crud15.sql','text/plain',0,'2023-12-12 07:18:41',0,1),(221,270,'chrome200percent.pak','C:/workspace/masigo/uploads/chrome_200_percent.pak','application/octet-stream',191,'2023-12-12 07:27:47',0,1),(222,288,'Code.VisualElementsManifest.xml','C:/workspace/masigo/uploads/Code.VisualElementsManifest.xml','text/plain',0,'2023-12-12 08:01:47',0,1),(223,310,'Code.VisualElementsManifest1.xml','C:/workspace/masigo/uploads/Code.VisualElementsManifest1.xml','text/plain',0,'2023-12-12 08:45:42',0,1),(224,311,'Code.VisualElementsManifest2.xml','C:/workspace/masigo/uploads/Code.VisualElementsManifest2.xml','text/plain',0,'2023-12-12 08:46:50',0,1),(225,316,'libEGL.dll','C:/workspace/masigo/uploads/libEGL.dll','application/x-dosexec',489,'2023-12-12 08:51:25',0,1),(226,NULL,'libEGL1.dll','C:/workspace/masigo/uploads/libEGL1.dll','application/x-dosexec',489,'2023-12-12 08:52:01',0,1),(227,NULL,'Code.VisualElementsManifest3.xml','C:/workspace/masigo/uploads/Code.VisualElementsManifest3.xml','text/plain',0,'2023-12-12 08:52:23',0,1),(228,322,'libEGL2.dll','C:/workspace/masigo/uploads/libEGL2.dll','application/x-dosexec',489,'2023-12-12 08:57:41',0,1),(229,323,'libEGL3.dll','C:/workspace/masigo/uploads/libEGL3.dll','application/x-dosexec',489,'2023-12-12 08:58:00',0,1),(230,324,'libEGL4.dll','C:/workspace/masigo/uploads/libEGL4.dll','application/x-dosexec',489,'2023-12-12 09:03:17',0,1),(231,325,'libEGL5.dll','C:/workspace/masigo/uploads/libEGL5.dll','application/x-dosexec',489,'2023-12-12 09:06:49',0,1),(232,326,'libEGL6.dll','C:/workspace/masigo/uploads/libEGL6.dll','application/x-dosexec',489,'2023-12-12 09:07:55',0,1),(233,327,'20200908172928.12069825.jpg','C:/workspace/masigo/uploads/20200908172928.12069825.jpg','image/jpeg',32,'2023-12-12 09:08:36',0,1),(234,327,'actor-복사본6.jpg','C:/workspace/masigo/uploads/actor_-_복사본6.jpg','image/jpeg',154,'2023-12-12 09:08:36',0,1),(235,327,'actor18.jpg','C:/workspace/masigo/uploads/actor18.jpg','image/jpeg',154,'2023-12-12 09:08:36',0,1),(236,327,'ajax11.txt','C:/workspace/masigo/uploads/ajax11.txt','text/html',7,'2023-12-12 09:08:36',0,1),(237,328,'cat-복사본.jpg','C:/workspace/masigo/uploads/cat_-_복사본.jpg','image/jpeg',103,'2023-12-12 09:19:58',0,1),(238,328,'cat.jpg','C:/workspace/masigo/uploads/cat.jpg','image/jpeg',103,'2023-12-12 09:19:58',0,1),(239,328,'crud.sql','C:/workspace/masigo/uploads/crud.sql','text/plain',0,'2023-12-12 09:19:58',0,1),(242,331,'949fe4c386e73067b767ad3bd7766ad1.jpg','C:/workspace/masigo/uploads/949fe4c386e73067b767ad3bd7766ad1.jpg','image/jpeg',45,'2023-12-12 09:29:30',0,1),(243,331,'20200908172928.1206982.jpg','C:/workspace/masigo/uploads/20200908172928.1206982.jpg','image/jpeg',32,'2023-12-12 09:29:30',0,1),(244,332,'ajax.txt','C:/workspace/masigo/uploads/ajax.txt','text/html',7,'2023-12-12 09:36:05',0,1),(245,333,'cat-복사본1.jpg','C:/workspace/masigo/uploads/cat_-_복사본1.jpg','image/jpeg',103,'2023-12-12 09:36:21',0,1),(246,329,'crud1.sql','C:/workspace/masigo/uploads/crud1.sql','text/plain',0,'2023-12-13 01:06:51',0,1),(247,329,'masigo.sql','C:/workspace/masigo/uploads/masigo.sql','text/plain',6,'2023-12-13 01:06:51',0,1),(249,342,'actor2.jpg','C:/workspace/masigo/uploads/actor2.jpg','image/jpeg',154,'2023-12-14 07:12:12',0,1),(250,342,'ajax1.txt','C:/workspace/masigo/uploads/ajax1.txt','text/html',7,'2023-12-14 07:12:12',0,1),(251,342,'ajax2.txt','C:/workspace/masigo/uploads/ajax2.txt','text/html',7,'2023-12-14 07:12:23',0,1),(252,342,'zzzz1.txt','C:/workspace/masigo/uploads/zzzz1.txt','text/plain',4,'2023-12-14 07:12:37',0,1);

/*Table structure for table `user` */

DROP TABLE IF EXISTS `user`;

CREATE TABLE `user` (
  `id` int(11) NOT NULL AUTO_INCREMENT,
  `user_id` varchar(45) DEFAULT NULL,
  `username` varchar(45) DEFAULT NULL,
  `password_hash` varchar(255) DEFAULT NULL,
  `email` varchar(45) DEFAULT NULL,
  `profile_image` varchar(255) NOT NULL,
  `create_date` timestamp NOT NULL DEFAULT current_timestamp() ON UPDATE current_timestamp(),
  `introduction` text DEFAULT NULL,
  `role` enum('admin','member') DEFAULT 'member',
  PRIMARY KEY (`id`)
) ENGINE=InnoDB AUTO_INCREMENT=28 DEFAULT CHARSET=utf8mb4 COLLATE=utf8mb4_general_ci;

/*Data for the table `user` */

insert  into `user`(`id`,`user_id`,`username`,`password_hash`,`email`,`profile_image`,`create_date`,`introduction`,`role`) values (19,'admin','관리자','$2y$10$/k1/DkVnOdcU4sACajbH.eHfVNO7pcSVZ3oaAJKvsXD9clK8c0Biq','admin@admin.com','sis.jpg','2023-12-14 09:02:51',NULL,'admin'),(20,'yes3144','안성진','$2y$10$iqR3ryotBGVoOgC91M7TVuaj40ElDuNpUmH.qNxaI8alfP9P6Ko.O','tjdwls3144@gmail.com','be3411eaeaa5e01d09ddf43edc57dd8e.jpg','2023-12-05 09:29:59',NULL,'member'),(21,'ameame','아이스아메리카','$2y$10$8LN1a8WgmxJ1baabDPgv5e3wYPQ5pl6T.ou6g9ipapIIXlJMlwFf6','ame@naver.com','987ea650b85ade0fe4b31a5e5118d13d.jpg','2023-12-04 17:59:20',NULL,'member'),(22,'suro','김수로','$2y$10$Gt99IV4RwDgFaLCC9HHQV.f4gwxVssOGXZIGXYvh3p915QJ6o6Ub6','suro@naver.com','actor1.jpg','2023-12-13 09:06:25',NULL,'member'),(23,'hnw1451','김또깡스','$2y$10$lKrr4bGQSRN8NQCUPrkMuuPN/2bwOsVf9jG3JPvvw16CYHAzCNPo2','yes3144@nate.com','okems.png','2023-12-15 14:42:00',NULL,'member'),(24,'BID','비드코칭','$2y$10$/6ty2enoeB6bFiuQlFBOmu/EJK.o7MBTaHJ1BLw9xxu6XLRtbOB5G','yes3144@nate.com','6338bfcf802486eb6cd33e8f9cb2bdb6.jpg','2023-11-30 17:35:08',NULL,'member'),(25,'tjdwls3144','코코','$2y$10$TPiajurz/xvT/roUdWbTGukrSkmNBN5x0fkZA7wqf7Dth05pCTULu','tjdwls3144@gmail.com','IMG_4772.jpeg','2023-12-13 17:03:52',NULL,'member'),(26,'taeate','태영','$2y$10$XfiUQZOJub6nTEgKBAGP8uyXLA02gtCJ9TFKv7hoqNCOMty.SVL7C','qwe@23c.com','profile.PNG','2023-12-01 16:25:52',NULL,'member'),(27,'test','테스트','$2y$10$2jKhY.hz6B7vrFdGOVRwzuoJ6PRxrdpwj/qh1BcrqRpoq0VaKReK6','test@test.com','20231025_180234_727.jpg','2023-12-08 13:04:43',NULL,'member');

/*!40101 SET SQL_MODE=@OLD_SQL_MODE */;
/*!40014 SET FOREIGN_KEY_CHECKS=@OLD_FOREIGN_KEY_CHECKS */;
/*!40014 SET UNIQUE_CHECKS=@OLD_UNIQUE_CHECKS */;
/*!40111 SET SQL_NOTES=@OLD_SQL_NOTES */;
